zone_id,month,anom_f_per_oni,r,n_days
coronados,1,0.2468415331836139,0.17019556660521928,372
coronados,2,0.5706614257462751,0.28444055422269643,337
coronados,3,1.024262803646079,0.3357522205760662,372
coronados,4,0.9306757502597717,0.25745059446161583,360
coronados,5,0.3439714065845029,0.10705089224504596,372
coronados,6,-0.1104136874506969,-0.04437044974615181,360
coronados,7,-0.2377360448378266,-0.08403335836778518,341
coronados,8,0.10944058499984477,0.034646398446205616,341
coronados,9,0.6888369563261574,0.3379445564841019,330
coronados,10,0.659620632815096,0.35979520772564594,341
coronados,11,0.8026996769566326,0.4684717807372987,330
coronados,12,0.7218801113550976,0.4945417915972081,341
cortez_tanner,1,0.2792749903683097,0.17384033641161534,372
cortez_tanner,2,0.7635059779140706,0.3664585379050965,337
cortez_tanner,3,1.3452116798270934,0.47013736629296576,372
cortez_tanner,4,1.6807258001643668,0.5131926279476662,360
cortez_tanner,5,1.6316720088277026,0.5766341630295779,372
cortez_tanner,6,1.1567872742207004,0.5109153880112071,360
cortez_tanner,7,0.5053268653969782,0.20173951076252125,341
cortez_tanner,8,0.8055245264064592,0.26733149581201887,341
cortez_tanner,9,0.6545470351535851,0.35204673504679374,330
cortez_tanner,10,0.16158703855412115,0.10542344134387181,341
cortez_tanner,11,0.3660569190494856,0.2533484905909281,330
cortez_tanner,12,-0.004454384981438417,-0.003389816375902032,341
la_jolla,1,0.43281923735197897,0.2994824205124199,372
la_jolla,2,0.5746887926124927,0.2735135539889746,337
la_jolla,3,1.2458960971234918,0.3908202072016467,372
la_jolla,4,0.8640050416964695,0.23038912439271889,360
la_jolla,5,0.11138249332219818,0.035696453892581345,372
la_jolla,6,-0.5050882667957025,-0.18903923832413827,360
la_jolla,7,-0.26990133522957166,-0.08346465193322182,341
la_jolla,8,0.10293251634596344,0.03141015168464071,341
la_jolla,9,0.8315389041242621,0.36426294379101376,330
la_jolla,10,0.5647441474234015,0.3138495693308768,341
la_jolla,11,0.510808046243587,0.34161901950508733,330
la_jolla,12,0.6493584192399661,0.497150834249998,341
mission_bay,1,0.3956476952237221,0.26775902559358955,372
mission_bay,2,0.5894866204969603,0.2813708413337546,337
mission_bay,3,1.1989174661333897,0.38602721487545993,372
mission_bay,4,0.8644166482555931,0.24026703762665652,360
mission_bay,5,0.06807009155810988,0.021539680253985033,372
mission_bay,6,-0.5244424306498714,-0.19218771996987716,360
mission_bay,7,-0.2675658049201312,-0.08471205463965027,341
mission_bay,8,0.006336780209357961,0.0019315376278833697,341
mission_bay,9,0.6966691929359877,0.3194056224427031,330
mission_bay,10,0.4540235046357038,0.2522496824414313,341
mission_bay,11,0.5439976673413781,0.3578082861735861,330
mission_bay,12,0.6413397398164413,0.4753022856841076,341
nine_mile,1,0.3448601730191078,0.23865621227427392,372
nine_mile,2,0.5608856860483836,0.27016261619055315,337
nine_mile,3,1.2295813645666558,0.39347937065944516,372
nine_mile,4,0.8337454656498565,0.24324077731214547,360
nine_mile,5,0.3327496914444948,0.10178941883213163,372
nine_mile,6,-0.12980840862698562,-0.05190748936150644,360
nine_mile,7,-0.32058700204465146,-0.10483835063011397,341
nine_mile,8,0.12934288664801513,0.04281231051402265,341
nine_mile,9,0.6402527932326172,0.34246134109463133,330
nine_mile,10,0.6358975990668382,0.34469347224920277,341
nine_mile,11,0.7360610857263442,0.47604984737831885,330
nine_mile,12,0.7385912446428521,0.4962467495958853,341
outer_banks,1,0.26116803308359865,0.17757833796858666,372
outer_banks,2,0.44262161589036436,0.23201967761439427,337
outer_banks,3,0.9706385480364863,0.33810064155824693,372
outer_banks,4,1.2693133660292135,0.3691937915451838,360
outer_banks,5,0.8573732186171145,0.27535971040147394,372
outer_banks,6,0.2920558578596812,0.1279570559211026,360
outer_banks,7,-0.5611787952180722,-0.2147206344758072,341
outer_banks,8,0.2261326512614624,0.08373386143411032,341
outer_banks,9,0.48876231629059935,0.26349993356000306,330
outer_banks,10,0.6560729110160896,0.3680706183390194,341
outer_banks,11,0.677376137172468,0.4351199512354149,330
outer_banks,12,0.6599839976454802,0.46579842435363034,341
pt_loma_kelp,1,0.4048890237097988,0.27766079477887873,372
pt_loma_kelp,2,0.5936400090459548,0.28690449193217954,337
pt_loma_kelp,3,1.1805395851532823,0.3847015570059241,372
pt_loma_kelp,4,0.8868803959986146,0.2477840045042751,360
pt_loma_kelp,5,0.057862043907502554,0.01747696559344062,372
pt_loma_kelp,6,-0.4492030240804149,-0.16570016348947006,360
pt_loma_kelp,7,-0.28712485557449985,-0.09274378958598149,341
pt_loma_kelp,8,0.06894789184866124,0.020979332591278817,341
pt_loma_kelp,9,0.6687014260803599,0.31549596342251923,330
pt_loma_kelp,10,0.4503665109112735,0.2478700722623057,341
pt_loma_kelp,11,0.6582779929596646,0.41995715558695346,330
pt_loma_kelp,12,0.6847173859765178,0.48171865519664653,341
sd_bay,1,0.3963160658352832,0.2727644306097883,372
sd_bay,2,0.5925449236958787,0.2892739021452754,337
sd_bay,3,1.165323350675956,0.38072947423953246,372
sd_bay,4,0.8440081702125916,0.2374487067500467,360
sd_bay,5,0.04870539263249149,0.014748693883989916,372
sd_bay,6,-0.4390167643925412,-0.15988096190987777,360
sd_bay,7,-0.25446347076939,-0.08247789057451757,341
sd_bay,8,0.050157402576186054,0.015173140291579448,341
sd_bay,9,0.6436598846004198,0.3007321105909231,330
sd_bay,10,0.39754989074307423,0.2179205489520403,341
sd_bay,11,0.6179095866588067,0.3946455688131621,330
sd_bay,12,0.6699612985182384,0.472212843807689,341
surf_zone,1,0.4546239230391181,0.31298630312406506,372
surf_zone,2,0.6019210975159633,0.28637446796237426,337
surf_zone,3,1.2066996807812762,0.3797431037598636,372
surf_zone,4,0.9738503899116883,0.25681742701511306,360
surf_zone,5,0.12232139315746504,0.03995501186636232,372
surf_zone,6,-0.5632451282092995,-0.20595983784320718,360
surf_zone,7,-0.2569342500402941,-0.07923150293737449,341
surf_zone,8,0.12313747115708844,0.03677533219992229,341
surf_zone,9,0.8517977151457313,0.36449711990839556,330
surf_zone,10,0.5524031324613236,0.3070742020096966,341
surf_zone,11,0.5055656010623432,0.3305690735993343,330
surf_zone,12,0.6258968568103229,0.4901561852076774,341
