name,provider,url,endpoint,used_for,coverage,cadence,access,units,license,limitations
NDBC realtime standard meteorological data,NOAA National Data Buoy Center,https://www.ndbc.noaa.gov/data/realtime2/46232.txt,https://www.ndbc.noaa.gov/data/realtime2/{station}.txt,"Current wave height, dominant/average period, wind speed and direction, air and sea temperature, barometric pressure; cross-check for the modeled zone timelines",Rolling 45 days,Every 10-60 minutes,"Public, no key","m, s, m/s, degC, hPa (converted to ft, kt, degF in this project)","US Government work, public domain",Station outages are common; 46225 and 46258 have multi-month gaps; wave period fields are sometimes MM (missing) even when height reports
NDBC historical standard meteorological archive,NOAA National Data Buoy Center,https://www.ndbc.noaa.gov/histsearch.php,https://www.ndbc.noaa.gov/view_text_file.php?filename={station}h{year}.txt.gz&dir=data/historical/stdmet/,"Day-of-year climatology and percentiles for wave height, wind speed and buoy sea temperature; the long-baseline 'normal' that current conditions are compared against",2003/2004 through 2025 depending on station (75 station-years retrieved),"Annual files, 10-60 minute samples","Public, no key","m, s, m/s, degC, hPa","US Government work, public domain",Buoy relocations and sensor changes are not homogenized; 46225 was deployed later than the others; gaps reduce the effective sample in some day-of-year windows
CO-OPS water temperature (shore thermistor),NOAA Tides & Currents,https://tidesandcurrents.noaa.gov/stationhome.html?id=9410170,https://api.tidesandcurrents.noaa.gov/api/prod/datagetter?product=water_temperature&station={station}&begin_date=&end_date=&units=english&time_zone=lst_ldt&format=json,"Authoritative inshore water temperature for San Diego Bay, Mission Bay and the surf zone, plus their 11-year day-of-year climatology and anomalies","2015-01 through present (retrieved in 31-day chunks, 304 requests)",6 minutes,"Public, no key",degF (requested directly),"US Government work, public domain","Hard 31-day limit per request for this product; no usable record before 2015 for these stations, so the inshore climatology is 11 years rather than the 23-year buoy baseline; pier thermistors sit at fixed depth and read warmer than the open coast in summer"
CO-OPS harmonic tide predictions,NOAA Tides & Currents,https://tidesandcurrents.noaa.gov/noaatidepredictions.html?id=9410170,https://api.tidesandcurrents.noaa.gov/api/prod/datagetter?product=predictions&station={station}&interval=hilo|30&datum=MLLW&units=english&time_zone=lst_ldt&format=json,"Tide range, maximum exchange rate, high/low timing and the best-water hour used by the tide timing term",Retrieved window 2026-07 through 2026-09-06,High/low events plus 30-minute series,"Public, no key","ft above MLLW, local time","US Government work, public domain","Harmonic predictions exclude weather-driven setup and surge; the 30-minute series was pulled only for the dashboard window, so scoring outside that window falls back to high/low interpolation"
CO-OPS barometric pressure,NOAA Tides & Currents,https://tidesandcurrents.noaa.gov/stationhome.html?id=9410170,https://api.tidesandcurrents.noaa.gov/api/prod/datagetter?product=air_pressure&station=9410170&...,Independent check on the modeled barometric trend used by the pressure term,2026 monthly chunks,6 minutes,"Public, no key",mbar,"US Government work, public domain","Single station, bay location; sensor gaps in some months"
MUR L4 global 1 km sea surface temperature (jplMURSST41),NASA JPL via NOAA CoastWatch ERDDAP,https://coastwatch.pfeg.noaa.gov/erddap/griddap/jplMURSST41.html,https://coastwatch.pfeg.noaa.gov/erddap/griddap/jplMURSST41.csv?analysed_sst[(start):1:(end)][(lat)][(lon)],"Satellite sea surface temperature for the kelp, canyon, bank and Mexican-water zones; the day-of-year SST climatology, anomalies and percentiles; ENSO regime composites and per-zone ENSO sensitivity; horizontal temperature-break (front) strength","2015-01-01 through present per zone point, plus a recent regional grid for gradients","Daily, 1 km analysed field","Public ERDDAP, no key",degC (converted to degF),"NASA/JPL MUR, open with attribution","ERDDAP accepts only one concurrent request per client, so acquisition is strictly sequential and slow; the analysed field is a gap-free blend, not a raw observation; the 1 km grid masks the interior of San Diego and Mission Bay, so those zones sample the nearest open-water pixel and defer to the shore thermistor"
Open-Meteo Marine forecast API,Open-Meteo (ECMWF/MFWAM-based wave models),https://open-meteo.com/en/docs/marine-weather-api,"https://marine-api.open-meteo.com/v1/marine?latitude=&longitude=&daily=wave_height_max,wave_period_max,swell_wave_height_max,sea_surface_temperature_max&past_days=14&forecast_days=7","Per-zone wave height, wave and swell period, dominant direction and model SST for the 14-day hindcast plus 7-day forecast timeline that the scoring engine runs on","14 days past, 7 days forward, all 9 zones","Hourly and daily, refreshed multiple times per day","Public, no key for non-commercial use","m, s, degC (converted to ft, degF)","Open-Meteo, CC-BY 4.0; underlying ECMWF data under its own open terms",Model output rather than measurement; nearshore refraction and island shadowing at the Coronados are not resolved at model scale; SST is a model field and is only used where satellite or thermistor data are unavailable
Open-Meteo forecast API (atmosphere),Open-Meteo,https://open-meteo.com/en/docs,"https://api.open-meteo.com/v1/forecast?latitude=&longitude=&daily=wind_speed_10m_max,wind_gusts_10m_max,wind_direction_10m_dominant,pressure_msl_mean,cloud_cover_mean&past_days=14&forecast_days=7&wind_speed_unit=kn","Per-zone wind speed, gusts, direction, mean sea-level pressure (and its 24-hour trend), cloud cover and air temperature","14 days past, 7 days forward, all 9 zones",Hourly and daily,"Public, no key for non-commercial use","kt, hPa, %, degC",CC-BY 4.0,Coarse grid smooths Santa Ana channeling and the afternoon sea-breeze ramp inside the bays
"National Weather Service API (San Diego, SGX)",NOAA National Weather Service,"https://api.weather.gov/points/32.72,-117.22","https://api.weather.gov/gridpoints/SGX/{x},{y} and /forecast",Narrative and gridded coastal forecast retained as a cross-check on wind timing,7 days forward,Hourly updates,"Public, User-Agent required","km/h, degC","US Government work, public domain","The coastal land gridpoint returns degenerate wave fields (a single zero value), so wave data are taken from the marine model instead; the marine text zone endpoints (PZZ7xx) returned 404 during this build"
CPC Oceanic Nino Index (ONI),NOAA Climate Prediction Center,https://www.cpc.ncep.noaa.gov/data/indices/oni.ascii.txt,https://www.cpc.ncep.noaa.gov/data/indices/oni.ascii.txt,"ENSO regime classification (El Nino / La Nina / neutral, with strength tiers), the regime badge, the ONI history chart, monthly regime composites of zone SST anomaly, and the per-zone ENSO sensitivity regression",1950-01 through present (918 months),Monthly,"Public, no key","degC anomaly, 3-month running mean","US Government work, public domain","Monthly resolution and a 3-month running mean lag current conditions; ERSSTv5 base periods are updated in 5-year steps, so historical values shift slightly between releases"
CPC weekly Nino 3.4 SST anomaly,NOAA Climate Prediction Center,https://www.cpc.ncep.noaa.gov/data/indices/wksst8110.for,https://www.cpc.ncep.noaa.gov/data/indices/wksst8110.for,Weekly cross-check on the direction of the current ENSO state ahead of the monthly ONI update,1990 through present,Weekly,"Public, no key",degC anomaly,"US Government work, public domain",Fixed-width legacy text format; not used in scoring
San Diego dock totals (CPFV fish counts),"sandiegofishreports.com, cross-checked against Fisherman's Landing and Seaforth Landing",https://www.sandiegofishreports.com/dock_totals/boats.php,https://www.sandiegofishreports.com/dock_totals/boats.php,"Observed catch-per-angler-day used as the validation target for model skill, and the species mix currently being landed","2026-08-15 through 2026-08-27 (13 days, 336 boat trips, 7,998 angler-days, 4 landings)",Daily,Public web page,"fish kept and released, anglers per trip",Third-party editorial content; used here for non-commercial analysis with attribution,"Effort is self-reported and only normalizable by anglers and trip length; fishing location is inferred from trip type rather than logged; totals reflect where the fleet chose to fish, and species are reported inconsistently across landings; only 13 days were available, which is far too short for a real skill estimate"
CDFW marine fisheries data and CPFV logbook program,California Department of Fish and Wildlife,https://wildlife.ca.gov/Conservation/Marine/Data-Management-Research/MFDE,https://wildlife.ca.gov/Fishing/Commercial/MFSU,"Species-behavior context, regulatory framing and published aggregate landings used when setting seasonal indices",Multi-decade published aggregates,Annual to monthly publications,Public reports; trip-level CPFV logbook records are confidential and not obtainable via API,"fish, pounds",State of California public records,"Trip-level logbook data are confidential, so the project substitutes public dock totals; published aggregates lag by roughly a year and are not spatially resolved to these zones"
CPC 8-14 day temperature and precipitation outlook (GIS shapefiles),NOAA Climate Prediction Center,https://www.cpc.ncep.noaa.gov/products/predictions/814day/,https://ftp.cpc.ncep.noaa.gov/GIS/us_tempprcpfcst/814temp_latest.zip,"Probabilistic warm/cool lean applied as an additive nudge to the day 7-14 SST projection (cpc_nudge_f), and the CPC columns shown on the 30-Day Outlook tab",Days 8-14 from the issuance date,Daily,"Public, no key","Tercile probability in percent, converted to a signed degF nudge","US Government work, public domain","BASIS = forecast, but a LAND forecast: this is a CONUS *air* temperature tercile product, not a marine SST forecast. No polygon covers the offshore zones, so a single onshore San Diego proxy point is sampled for all nine zones including Cortez Bank at 95 nm. The true coastal point -117.22, 32.72 falls outside every CPC CONUS polygon. Equal-Chances areas contribute exactly zero signal."
CPC week 3-4 temperature and precipitation outlook (GIS shapefiles),NOAA Climate Prediction Center,https://www.cpc.ncep.noaa.gov/products/predictions/WK34/,https://ftp.cpc.ncep.noaa.gov/GIS/us_tempprcpfcst/wk34temp_latest.zip,Probabilistic warm/cool lean for the day 15-28 outlook tier,Weeks 3 and 4 from the issuance date,Weekly (Friday),"Public, no key",Tercile probability in percent,"US Government work, public domain","BASIS = forecast. Same land/CONUS air-temperature caveat as the 8-14 day product, and it is a two-week average, so it carries no day-to-day information at all. Down-weighted to 0.32 in the extended blend."
CPC monthly and seasonal temperature outlooks (GIS shapefiles),NOAA Climate Prediction Center,https://www.cpc.ncep.noaa.gov/products/predictions/long_range/,https://ftp.cpc.ncep.noaa.gov/GIS/us_tempprcpfcst/seastemp_{YYYYMM}.zip,Weakest-weighted warm/cool lean at the far end of the 30-day window,Monthly lead 1 and seasonal leads,"Monthly (mid-month), with a monthly update near the end of the month","Public, no key",Tercile probability in percent,"US Government work, public domain","BASIS = forecast, weakly weighted (0.20 monthly, 0.15 seasonal). At this build the monthly *update* product was stale, so the September outlook was read from the seasonal lead-14 file instead, and at 33 percent probability it is Equal Chances and contributes exactly zero signal. Same land/CONUS air-temperature caveat."
"CO-OPS tide predictions, extended horizon",NOAA Tides & Currents,https://tidesandcurrents.noaa.gov/noaatidepredictions.html?id=9410170,https://api.tidesandcurrents.noaa.gov/api/prod/datagetter?product=predictions&station={station}&begin_date={YYYYMMDD}&end_date={YYYYMMDD}&datum=MLLW&interval=hilo&units=english&time_zone=lst_ldt&format=json,"Tide range, strongest exchange rate and best-water hour for all 30 days",Verified working at least 40 days ahead,Static harmonic predictions,"Public, no key","ft MLLW, ft/h, local hour","US Government work, public domain","BASIS = astronomical, so these are exactly as reliable at day 30 as at day 1 and are the strongest signal in the outlook tier. Harmonic predictions exclude weather-driven surge and river/runoff effects. On strongly diurnal days the daily extremum window is narrowed to the day's single extremum plus the closer of its two neighbours, flagged by tide_window_widened, to avoid inflating the range across two exchanges."
Open-Meteo 16-day marine and atmospheric forecast,Open-Meteo,https://open-meteo.com/en/docs/marine-weather-api,https://marine-api.open-meteo.com/v1/marine?forecast_days=16 and https://api.open-meteo.com/v1/forecast?forecast_days=16,"The deterministic tail of the day 8-14 tier: wind, swell and pressure blended toward climatology with weight exp(-(lead-6)/7)","16 requested days, but the two models do NOT reach equally far",Multiple runs daily,"Public, no key","m, s, m/s, hPa (converted to ft, kt, degF)","CC-BY 4.0, non-commercial free tier","BASIS = forecast, but with a hard and unequal horizon. At this build the MARINE (swell) fields null out after 2026-09-05, roughly lead 8, while the ATMOSPHERIC (wind) fields run to 2026-09-12, lead 15. The two are therefore handled independently and tagged per row by wave_basis and wind_basis. Beyond the atmospheric horizon no daily wind or swell number is published at all."
