raw_id,report_date,landing,boat,trip_type,trip_type_raw,trip_days,anglers,kept_json,released_json,tracked_fish,raw_text,source,source_url,fetched_at_utc,ingest_method,parser_version
4e271bbecfc89476,2026-10-01,Fishermans,Dolphin,three_quarter_day,3/4 Day,0.75,35,"{""barracuda"": 23, ""bonito"": 93, ""calico_bass"": 36, ""sand_bass"": 15, ""sheephead"": 7, ""yellowtail"": 38}",{},212,"Dolphin Fisherman's Landing San Diego, CA | 35 Anglers 3/4 Day | 15 Sand Bass, 23 Barracuda, 7 Sheephead, 38 Yellowtail (up to 25 pounds), 36 Calico Bass, 4 Whitefish, 93 Bonito",San Diego Fish Reports dock totals,https://www.sandiegofishreports.com/dock_totals/boats.php?date=2026-10-01,2026-10-04T06:19:01Z,backfill,dock-trips-1
3f8208eaceb92846,2026-10-01,Fishermans,Lucky B Sportfishing,full_day,Full Day,1.0,4,"{""dorado"": 1, ""yellowfin_tuna"": 15}",{},16,"Lucky B Sportfishing Fisherman's Landing San Diego, CA | 4 Anglers Full Day | 15 Bullet Tuna, 1 Dorado, 1 Wahoo, 15 Yellowfin Tuna",San Diego Fish Reports dock totals,https://www.sandiegofishreports.com/dock_totals/boats.php?date=2026-10-01,2026-10-04T06:19:01Z,backfill,dock-trips-1
9995f222bf6118be,2026-10-01,Fishermans,Pacific Queen,3_day,3 Day,3.0,24,"{""dorado"": 3, ""yellowfin_tuna"": 135, ""yellowtail"": 62}",{},200,"Pacific Queen Fisherman's Landing San Diego, CA | 24 Anglers 3 Day | 62 Yellowtail, 3 Dorado, 135 Yellowfin Tuna",San Diego Fish Reports dock totals,https://www.sandiegofishreports.com/dock_totals/boats.php?date=2026-10-01,2026-10-04T06:19:01Z,backfill,dock-trips-1
cc972bded6d8f8f7,2026-10-01,H&M,"Blue Horizon Oceanside Sea Center Oceanside, CA",full_day,Full Day,1.0,22,"{""dorado"": 3, ""yellowfin_tuna"": 38}",{},41,"Blue Horizon Oceanside Sea Center Oceanside, CA | 22 Anglers Full Day | 3 Dorado, 38 Yellowfin Tuna",San Diego Fish Reports dock totals,https://www.sandiegofishreports.com/dock_totals/boats.php?date=2026-10-01,2026-10-04T06:19:01Z,backfill,dock-trips-1
3748bb81c94b1c60,2026-10-01,H&M,"Chubasco II Oceanside Sea Center Oceanside, CA",three_quarter_day,3/4 Day,0.75,33,"{""barracuda"": 40, ""bonito"": 56, ""sand_bass"": 12, ""sheephead"": 5, ""yellowfin_tuna"": 12, ""yellowtail"": 1}",{},126,"Chubasco II Oceanside Sea Center Oceanside, CA | 33 Anglers 3/4 Day | 12 Sand Bass, 40 Barracuda, 5 Sheephead, 1 Yellowtail, 3 Whitefish, 56 Bonito, 1 Skipjack Tuna, 12 Yellowfin Tuna",San Diego Fish Reports dock totals,https://www.sandiegofishreports.com/dock_totals/boats.php?date=2026-10-01,2026-10-04T06:19:01Z,backfill,dock-trips-1
3391fb55ca55a55d,2026-10-01,H&M,Grande,full_day,Full Day Offshore,1.0,41,"{""yellowfin_tuna"": 18}",{},18,"Grande H&M Landing San Diego, CA | 41 Anglers Full Day Offshore | 1 Skipjack Tuna, 1 Striped Marlin, 18 Yellowfin Tuna",San Diego Fish Reports dock totals,https://www.sandiegofishreports.com/dock_totals/boats.php?date=2026-10-01,2026-10-04T06:19:01Z,backfill,dock-trips-1
d5c6ccaf1afe7c02,2026-10-01,H&M,Premier,half_day,1/2 Day PM,0.5,31,"{""bonito"": 155, ""calico_bass"": 11, ""sand_bass"": 1, ""sheephead"": 2, ""yellowtail"": 2}",{},171,"Premier H&M Landing San Diego, CA | 31 Anglers 1/2 Day PM | 1 Sand Bass, 2 Sheephead, 2 Yellowtail, 11 Calico Bass, 155 Bonito",San Diego Fish Reports dock totals,https://www.sandiegofishreports.com/dock_totals/boats.php?date=2026-10-01,2026-10-04T06:19:01Z,backfill,dock-trips-1
a02660403d93e4aa,2026-10-01,H&M,"Pronto Oceanside Sea Center Oceanside, CA",full_day,Full Day Local,1.0,11,"{""dorado"": 2, ""yellowfin_tuna"": 9}",{},11,"Pronto Oceanside Sea Center Oceanside, CA | 11 Anglers Full Day Local | 2 Dorado, 5 Skipjack Tuna, 9 Yellowfin Tuna",San Diego Fish Reports dock totals,https://www.sandiegofishreports.com/dock_totals/boats.php?date=2026-10-01,2026-10-04T06:19:01Z,backfill,dock-trips-1
aefd80b8ab96374e,2026-10-01,H&M,"Southern Cal Oceanside Sea Center Oceanside, CA",half_day,1/2 Day AM,0.5,22,"{""bonito"": 86, ""calico_bass"": 20, ""sand_bass"": 2}","{""calico_bass"": 90, ""sand_bass"": 4}",202,"Southern Cal Oceanside Sea Center Oceanside, CA | 22 Anglers 1/2 Day AM | 2 Sand Bass, 20 Calico Bass, 6 Whitefish, 86 Bonito, 4 Sand Bass Released , 90 Calico Bass Released",San Diego Fish Reports dock totals,https://www.sandiegofishreports.com/dock_totals/boats.php?date=2026-10-01,2026-10-04T06:19:01Z,backfill,dock-trips-1
dadda1792f95b712,2026-10-01,Point Loma,Mission Belle,full_day,Full Day,1.0,17,"{""yellowfin_tuna"": 85, ""yellowtail"": 4}",{},89,"Mission Belle Point Loma Sportfishing San Diego, CA | 17 Anglers Full Day | 4 Yellowtail, 85 Yellowfin Tuna",San Diego Fish Reports dock totals,https://www.sandiegofishreports.com/dock_totals/boats.php?date=2026-10-01,2026-10-04T06:19:01Z,backfill,dock-trips-1
f354f6722c3a5ab0,2026-10-01,Seaforth,El Gato Dos,full_day,Full Day Offshore,1.0,6,"{""dorado"": 6, ""yellowfin_tuna"": 11}",{},17,"El Gato Dos Seaforth Sportfishing San Diego, CA | 6 Anglers Full Day Offshore | 6 Bullet Tuna, 6 Dorado, 1 Wahoo, 11 Yellowfin Tuna",San Diego Fish Reports dock totals,https://www.sandiegofishreports.com/dock_totals/boats.php?date=2026-10-01,2026-10-04T06:19:01Z,backfill,dock-trips-1
82bb89201ef00c15,2026-10-01,Seaforth,New Seaforth,half_day,1/2 Day AM,0.5,22,"{""barracuda"": 20, ""bonito"": 50, ""calico_bass"": 6, ""california_halibut"": 1, ""sand_bass"": 5, ""sheephead"": 1, ""yellowtail"": 5}",{},88,"New Seaforth Seaforth Sportfishing San Diego, CA | 22 Anglers 1/2 Day AM | 5 Sand Bass, 20 Barracuda, 1 Halibut, 1 Sheephead, 5 Yellowtail, 6 Calico Bass, 2 Whitefish, 50 Bonito",San Diego Fish Reports dock totals,https://www.sandiegofishreports.com/dock_totals/boats.php?date=2026-10-01,2026-10-04T06:19:01Z,backfill,dock-trips-1
05666397489d7f3c,2026-10-01,Seaforth,New Seaforth,half_day,1/2 Day PM,0.5,56,"{""barracuda"": 12, ""bonito"": 30, ""calico_bass"": 39, ""sand_bass"": 2, ""sheephead"": 6, ""white_seabass"": 1}",{},90,"New Seaforth Seaforth Sportfishing San Diego, CA | 56 Anglers 1/2 Day PM | 2 Sand Bass, 12 Barracuda, 1 Sculpin, 6 Sheephead, 39 Calico Bass, 1 Whitefish, 30 Bonito, 1 White Seabass",San Diego Fish Reports dock totals,https://www.sandiegofishreports.com/dock_totals/boats.php?date=2026-10-01,2026-10-04T06:19:01Z,backfill,dock-trips-1
fb7bada0d60e75ba,2026-10-01,Seaforth,Pacifica,1.5_day,1.5 Day,1.5,19,"{""yellowfin_tuna"": 74}",{},74,"Pacifica Seaforth Sportfishing San Diego, CA | 19 Anglers 1.5 Day | 28 Skipjack Tuna, 74 Yellowfin Tuna",San Diego Fish Reports dock totals,https://www.sandiegofishreports.com/dock_totals/boats.php?date=2026-10-01,2026-10-04T06:19:01Z,backfill,dock-trips-1
75cc16ed4b1793a9,2026-10-01,Seaforth,San Diego,full_day,Full Day Offshore,1.0,35,"{""bluefin_tuna"": 1, ""yellowfin_tuna"": 133}",{},134,"San Diego Seaforth Sportfishing San Diego, CA | 35 Anglers Full Day Offshore | 1 Bluefin Tuna, 2 Bullet Tuna, 133 Yellowfin Tuna",San Diego Fish Reports dock totals,https://www.sandiegofishreports.com/dock_totals/boats.php?date=2026-10-01,2026-10-04T06:19:01Z,backfill,dock-trips-1
ac0b3970001e2fe8,2026-10-01,Seaforth,Sea Watch,full_day,Full Day Offshore,1.0,30,"{""dorado"": 1, ""yellowfin_tuna"": 2}",{},3,"Sea Watch Seaforth Sportfishing San Diego, CA | 30 Anglers Full Day Offshore | 2 Bullet Tuna, 1 Dorado, 14 Skipjack Tuna, 2 Yellowfin Tuna",San Diego Fish Reports dock totals,https://www.sandiegofishreports.com/dock_totals/boats.php?date=2026-10-01,2026-10-04T06:19:01Z,backfill,dock-trips-1
3e51b2934d844232,2026-10-02,Fishermans,Dolphin,three_quarter_day,3/4 Day,0.75,44,"{""bonito"": 36, ""calico_bass"": 39, ""sand_bass"": 12, ""sheephead"": 14, ""yellowtail"": 2}",{},103,"Dolphin Fisherman's Landing San Diego, CA | 44 Anglers 3/4 Day | 12 Sand Bass, 18 Sculpin, 14 Sheephead, 2 Yellowtail, 39 Calico Bass, 36 Bonito",San Diego Fish Reports dock totals,https://www.sandiegofishreports.com/dock_totals/boats.php?date=2026-10-02,2026-10-04T06:19:03Z,backfill,dock-trips-1
fdac04a068f8db31,2026-10-02,Fishermans,Poseidon,3_day,3 Day,3.0,19,"{""yellowfin_tuna"": 93, ""yellowtail"": 51}",{},144,"Poseidon Fisherman's Landing San Diego, CA | 19 Anglers 3 Day | 51 Yellowtail, 93 Yellowfin Tuna (up to 60 pounds)",San Diego Fish Reports dock totals,https://www.sandiegofishreports.com/dock_totals/boats.php?date=2026-10-02,2026-10-04T06:19:03Z,backfill,dock-trips-1
da03fc49fd83c2de,2026-10-02,H&M,"Blue Horizon Oceanside Sea Center Oceanside, CA",full_day,Full Day,1.0,21,"{""dorado"": 3, ""yellowfin_tuna"": 21, ""yellowtail"": 1}",{},25,"Blue Horizon Oceanside Sea Center Oceanside, CA | 21 Anglers Full Day | 1 Yellowtail, 3 Dorado, 30 Skipjack Tuna, 21 Yellowfin Tuna",San Diego Fish Reports dock totals,https://www.sandiegofishreports.com/dock_totals/boats.php?date=2026-10-02,2026-10-04T06:19:03Z,backfill,dock-trips-1
d9d1a9173de16960,2026-10-02,H&M,"Chubasco II Oceanside Sea Center Oceanside, CA",three_quarter_day,3/4 Day,0.75,32,"{""barracuda"": 18, ""bonito"": 30, ""calico_bass"": 38, ""sand_bass"": 8, ""sheephead"": 10}","{""calico_bass"": 120, ""sand_bass"": 8, ""yellowtail"": 5}",237,"Chubasco II Oceanside Sea Center Oceanside, CA | 32 Anglers 3/4 Day | 8 Sand Bass, 28 Bullet Tuna, 18 Barracuda, 10 Sheephead, 38 Calico Bass, 12 Whitefish, 30 Bonito, 8 Sand Bass Released , 5 Yellowtail Released , 120 Calico Bass Released",San Diego Fish Reports dock totals,https://www.sandiegofishreports.com/dock_totals/boats.php?date=2026-10-02,2026-10-04T06:19:03Z,backfill,dock-trips-1
3db26985802a927d,2026-10-02,H&M,"Effishency Oceanside Sea Center Oceanside, CA",half_day,1/2 Day AM,0.5,2,"{""calico_bass"": 3, ""yellowtail"": 4}","{""calico_bass"": 25}",32,"Effishency Oceanside Sea Center Oceanside, CA | 2 Anglers 1/2 Day AM | 4 Yellowtail, 3 Calico Bass, 25 Calico Bass Released",San Diego Fish Reports dock totals,https://www.sandiegofishreports.com/dock_totals/boats.php?date=2026-10-02,2026-10-04T06:19:03Z,backfill,dock-trips-1
f145f8a138586e9d,2026-10-02,H&M,Grande,full_day,Full Day Offshore,1.0,41,"{""yellowfin_tuna"": 11}",{},11,"Grande H&M Landing San Diego, CA | 41 Anglers Full Day Offshore | 10 Skipjack Tuna, 11 Yellowfin Tuna",San Diego Fish Reports dock totals,https://www.sandiegofishreports.com/dock_totals/boats.php?date=2026-10-02,2026-10-04T06:19:03Z,backfill,dock-trips-1
c909d7cf66c16b9a,2026-10-02,H&M,Horizon,2_day,2 Day,2.0,21,"{""dorado"": 2, ""yellowfin_tuna"": 54, ""yellowtail"": 17}",{},73,"Horizon H&M Landing San Diego, CA | 21 Anglers 2 Day | 17 Yellowtail, 2 Dorado, 60 Skipjack Tuna, 54 Yellowfin Tuna",San Diego Fish Reports dock totals,https://www.sandiegofishreports.com/dock_totals/boats.php?date=2026-10-02,2026-10-04T06:19:03Z,backfill,dock-trips-1
ff3f90b9a83598ec,2026-10-02,H&M,Legend,3_day,3 Day,3.0,19,"{""dorado"": 1, ""yellowfin_tuna"": 70, ""yellowtail"": 10}",{},81,"Legend H&M Landing San Diego, CA | 19 Anglers 3 Day | 10 Yellowtail, 1 Dorado, 25 Skipjack Tuna, 1 Striped Marlin, 70 Yellowfin Tuna (up to 55 pounds)",San Diego Fish Reports dock totals,https://www.sandiegofishreports.com/dock_totals/boats.php?date=2026-10-02,2026-10-04T06:19:03Z,backfill,dock-trips-1
54a1bf27ac770cac,2026-10-02,H&M,Little G,3.5_day,3.5 Day,3.5,6,"{""bluefin_tuna"": 6, ""dorado"": 6, ""rockfish"": 53, ""sheephead"": 20, ""yellowtail"": 22}",{},107,"Little G H&M Landing San Diego, CA | 6 Anglers 3.5 Day | 6 Bluefin Tuna, 20 Sheephead, 22 Yellowtail, 6 Dorado, 22 Whitefish, 53 Rockfish",San Diego Fish Reports dock totals,https://www.sandiegofishreports.com/dock_totals/boats.php?date=2026-10-02,2026-10-04T06:19:03Z,backfill,dock-trips-1
b3fe02e41cb1cd60,2026-10-02,H&M,Malihini,full_day,Full Day,1.0,26,{},{},0,"Malihini H&M Landing San Diego, CA | 26 Anglers Full Day | ",San Diego Fish Reports dock totals,https://www.sandiegofishreports.com/dock_totals/boats.php?date=2026-10-02,2026-10-04T06:19:03Z,backfill,dock-trips-1
b51bfcc98d8fbd19,2026-10-02,H&M,Old Glory,overnight,Overnight,1.0,16,"{""yellowfin_tuna"": 28, ""yellowtail"": 10}",{},38,"Old Glory H&M Landing San Diego, CA | 16 Anglers Overnight | 70 Bullet Tuna, 10 Yellowtail, 9 Skipjack Tuna, 28 Yellowfin Tuna",San Diego Fish Reports dock totals,https://www.sandiegofishreports.com/dock_totals/boats.php?date=2026-10-02,2026-10-04T06:19:03Z,backfill,dock-trips-1
9844c98acbeffd8a,2026-10-02,H&M,Premier,full_day,Full Day Offshore,1.0,18,"{""dorado"": 1, ""yellowfin_tuna"": 4, ""yellowtail"": 43}",{},48,"Premier H&M Landing San Diego, CA | 18 Anglers Full Day Offshore | 18 Bullet Tuna, 43 Yellowtail, 1 Dorado, 1 Skipjack Tuna, 4 Yellowfin Tuna",San Diego Fish Reports dock totals,https://www.sandiegofishreports.com/dock_totals/boats.php?date=2026-10-02,2026-10-04T06:19:03Z,backfill,dock-trips-1
51f03ae368241e93,2026-10-02,H&M,"Pronto Oceanside Sea Center Oceanside, CA",overnight,Overnight,1.0,7,"{""dorado"": 4, ""yellowfin_tuna"": 32}",{},36,"Pronto Oceanside Sea Center Oceanside, CA | 7 Anglers Overnight | 4 Dorado, 11 Skipjack Tuna, 32 Yellowfin Tuna",San Diego Fish Reports dock totals,https://www.sandiegofishreports.com/dock_totals/boats.php?date=2026-10-02,2026-10-04T06:19:03Z,backfill,dock-trips-1
c1fd860607cfbbac,2026-10-02,H&M,Sea Adventure 80,2_day,2 Day,2.0,25,"{""dorado"": 5, ""yellowfin_tuna"": 100}",{},105,"Sea Adventure 80 H&M Landing San Diego, CA | 25 Anglers 2 Day | 5 Dorado, 1 Skipjack Tuna, 100 Yellowfin Tuna",San Diego Fish Reports dock totals,https://www.sandiegofishreports.com/dock_totals/boats.php?date=2026-10-02,2026-10-04T06:19:03Z,backfill,dock-trips-1
ffdae542f8ecb373,2026-10-02,H&M,"Sea Star Oceanside Sea Center Oceanside, CA",three_quarter_day,3/4 Day,0.75,10,"{""bluefin_tuna"": 1, ""dorado"": 6, ""yellowfin_tuna"": 14}","{""yellowfin_tuna"": 20, ""yellowtail"": 16}",57,"Sea Star Oceanside Sea Center Oceanside, CA | 10 Anglers 3/4 Day | 1 Bluefin Tuna, 57 Bullet Tuna, 6 Dorado, 12 Skipjack Tuna, 14 Yellowfin Tuna, 16 Yellowtail Released , 20 Yellowfin Tuna Released",San Diego Fish Reports dock totals,https://www.sandiegofishreports.com/dock_totals/boats.php?date=2026-10-02,2026-10-04T06:19:03Z,backfill,dock-trips-1
d02a86ff14f68d27,2026-10-02,H&M,"Southern Cal Oceanside Sea Center Oceanside, CA",half_day,1/2 Day AM,0.5,25,"{""bonito"": 30, ""calico_bass"": 25, ""yellowtail"": 1}","{""calico_bass"": 150}",206,"Southern Cal Oceanside Sea Center Oceanside, CA | 25 Anglers 1/2 Day AM | 1 Yellowtail, 25 Calico Bass, 4 Whitefish, 30 Bonito, 150 Calico Bass Released",San Diego Fish Reports dock totals,https://www.sandiegofishreports.com/dock_totals/boats.php?date=2026-10-02,2026-10-04T06:19:03Z,backfill,dock-trips-1
67d9886d64d39eb0,2026-10-02,Point Loma,Daily Double,half_day,1/2 Day AM,0.5,46,"{""bonito"": 3, ""calico_bass"": 13, ""sand_bass"": 1, ""sheephead"": 2}",{},19,"Daily Double Point Loma Sportfishing San Diego, CA | 46 Anglers 1/2 Day AM | 1 Barred Sand Bass, 5 Sculpin, 2 Sheephead, 13 Calico Bass, 3 Bonito",San Diego Fish Reports dock totals,https://www.sandiegofishreports.com/dock_totals/boats.php?date=2026-10-02,2026-10-04T06:19:03Z,backfill,dock-trips-1
6a9f8a5828587f78,2026-10-02,Point Loma,Daily Double,half_day,1/2 Day PM,0.5,45,"{""bonito"": 10, ""calico_bass"": 13, ""sand_bass"": 86, ""sheephead"": 2}",{},111,"Daily Double Point Loma Sportfishing San Diego, CA | 45 Anglers 1/2 Day PM | 86 Barred Sand Bass, 8 Sculpin, 2 Sheephead, 13 Calico Bass, 10 Bonito",San Diego Fish Reports dock totals,https://www.sandiegofishreports.com/dock_totals/boats.php?date=2026-10-02,2026-10-04T06:19:03Z,backfill,dock-trips-1
10186ca1ea566694,2026-10-02,Point Loma,Mission Belle,full_day,Full Day,1.0,27,"{""dorado"": 1, ""yellowfin_tuna"": 109}",{},110,"Mission Belle Point Loma Sportfishing San Diego, CA | 27 Anglers Full Day | 20 Bullet Tuna, 1 Dorado, 1 Skipjack Tuna, 109 Yellowfin Tuna",San Diego Fish Reports dock totals,https://www.sandiegofishreports.com/dock_totals/boats.php?date=2026-10-02,2026-10-04T06:19:03Z,backfill,dock-trips-1
90a178bc7237dc24,2026-10-02,Seaforth,New Seaforth,full_day,Full Day Offshore,1.0,21,"{""yellowtail"": 8}",{},8,"New Seaforth Seaforth Sportfishing San Diego, CA | 21 Anglers Full Day Offshore | 1 Bullet Tuna, 8 Yellowtail",San Diego Fish Reports dock totals,https://www.sandiegofishreports.com/dock_totals/boats.php?date=2026-10-02,2026-10-04T06:19:03Z,backfill,dock-trips-1
57416724df07ef58,2026-10-02,Seaforth,Pacifica,overnight,Overnight,1.0,23,"{""dorado"": 5, ""yellowfin_tuna"": 115, ""yellowtail"": 1}",{},121,"Pacifica Seaforth Sportfishing San Diego, CA | 23 Anglers Overnight | 1 Yellowtail, 5 Dorado, 115 Yellowfin Tuna",San Diego Fish Reports dock totals,https://www.sandiegofishreports.com/dock_totals/boats.php?date=2026-10-02,2026-10-04T06:19:03Z,backfill,dock-trips-1
4ad450921a75bc29,2026-10-02,Seaforth,Polaris Supreme,2_day,2 Day,2.0,19,"{""yellowfin_tuna"": 97, ""yellowtail"": 37}",{},134,"Polaris Supreme Seaforth Sportfishing San Diego, CA | 19 Anglers 2 Day | 37 Yellowtail, 97 Yellowfin Tuna",San Diego Fish Reports dock totals,https://www.sandiegofishreports.com/dock_totals/boats.php?date=2026-10-02,2026-10-04T06:19:03Z,backfill,dock-trips-1
36cea1573f803c14,2026-10-02,Seaforth,San Diego,full_day,Full Day Offshore,1.0,21,"{""dorado"": 2, ""yellowfin_tuna"": 25, ""yellowtail"": 2}",{},29,"San Diego Seaforth Sportfishing San Diego, CA | 21 Anglers Full Day Offshore | 2 Yellowtail, 2 Dorado, 25 Yellowfin Tuna",San Diego Fish Reports dock totals,https://www.sandiegofishreports.com/dock_totals/boats.php?date=2026-10-02,2026-10-04T06:19:03Z,backfill,dock-trips-1
488923918fa5d8da,2026-10-02,Seaforth,Sea Watch,full_day,Full Day Offshore,1.0,27,"{""dorado"": 1, ""yellowfin_tuna"": 135, ""yellowtail"": 12}",{},148,"Sea Watch Seaforth Sportfishing San Diego, CA | 27 Anglers Full Day Offshore | 12 Yellowtail, 1 Dorado, 1 Pilot Fish, 135 Yellowfin Tuna",San Diego Fish Reports dock totals,https://www.sandiegofishreports.com/dock_totals/boats.php?date=2026-10-02,2026-10-04T06:19:03Z,backfill,dock-trips-1
ab35fb63cdf352da,2026-10-02,Seaforth,Tribute,1.5_day,1.5 Day,1.5,25,"{""dorado"": 4, ""yellowfin_tuna"": 129, ""yellowtail"": 1}",{},134,"Tribute Seaforth Sportfishing San Diego, CA | 25 Anglers 1.5 Day | 1 Yellowtail, 4 Dorado, 23 Skipjack Tuna, 129 Yellowfin Tuna",San Diego Fish Reports dock totals,https://www.sandiegofishreports.com/dock_totals/boats.php?date=2026-10-02,2026-10-04T06:19:03Z,backfill,dock-trips-1
cbc467b38483775c,2026-10-03,Fishermans,Dolphin,half_day,1/2 Day AM,0.5,40,"{""calico_bass"": 7, ""sand_bass"": 3, ""sheephead"": 3, ""yellowtail"": 1}",{},14,"Dolphin Fisherman's Landing San Diego, CA | 40 Anglers 1/2 Day AM | 3 Sand Bass, 6 Sculpin, 3 Sheephead, 1 Yellowtail, 7 Calico Bass, 11 Whitefish",San Diego Fish Reports dock totals,https://www.sandiegofishreports.com/dock_totals/boats.php?date=2026-10-03,2026-10-04T06:19:05Z,backfill,dock-trips-1
ec5da3029f3c6bfd,2026-10-03,Fishermans,Dolphin,half_day,1/2 Day PM,0.5,56,"{""calico_bass"": 17, ""sand_bass"": 2, ""sheephead"": 4, ""yellowtail"": 2}",{},25,"Dolphin Fisherman's Landing San Diego, CA | 56 Anglers 1/2 Day PM | 2 Sand Bass, 6 Sculpin, 4 Sheephead, 2 Yellowtail, 17 Calico Bass, 2 Whitefish",San Diego Fish Reports dock totals,https://www.sandiegofishreports.com/dock_totals/boats.php?date=2026-10-03,2026-10-04T06:19:05Z,backfill,dock-trips-1
6dd1cb0b14201a11,2026-10-03,Fishermans,Tomahawk,3_day,3 Day,3.0,19,"{""bluefin_tuna"": 3, ""yellowfin_tuna"": 63, ""yellowtail"": 40}",{},106,"Tomahawk Fisherman's Landing San Diego, CA | 19 Anglers 3 Day | 3 Bluefin Tuna, 40 Yellowtail, 63 Yellowfin Tuna",San Diego Fish Reports dock totals,https://www.sandiegofishreports.com/dock_totals/boats.php?date=2026-10-03,2026-10-04T06:19:05Z,backfill,dock-trips-1
5c9f354cd984faf8,2026-10-03,H&M,"Blue Horizon Oceanside Sea Center Oceanside, CA",three_quarter_day,3/4 Day,0.75,10,"{""yellowfin_tuna"": 54}",{},54,"Blue Horizon Oceanside Sea Center Oceanside, CA | 10 Anglers 3/4 Day | 8 Skipjack Tuna, 54 Yellowfin Tuna",San Diego Fish Reports dock totals,https://www.sandiegofishreports.com/dock_totals/boats.php?date=2026-10-03,2026-10-04T06:19:05Z,backfill,dock-trips-1
c0c2ab862a1aaea5,2026-10-03,H&M,"Chubasco II Oceanside Sea Center Oceanside, CA",three_quarter_day,3/4 Day,0.75,32,"{""barracuda"": 4, ""bonito"": 34, ""calico_bass"": 38, ""sand_bass"": 6, ""sheephead"": 2, ""white_seabass"": 1, ""yellowtail"": 6}","{""calico_bass"": 150}",241,"Chubasco II Oceanside Sea Center Oceanside, CA | 32 Anglers 3/4 Day | 6 Sand Bass, 4 Barracuda, 2 Sheephead, 6 Yellowtail, 38 Calico Bass, 34 Bonito, 1 White Seabass, 150 Calico Bass Released",San Diego Fish Reports dock totals,https://www.sandiegofishreports.com/dock_totals/boats.php?date=2026-10-03,2026-10-04T06:19:05Z,backfill,dock-trips-1
ff37ea451025bd77,2026-10-03,H&M,"Effishency Oceanside Sea Center Oceanside, CA",full_day,Full Day,1.0,4,"{""yellowfin_tuna"": 40, ""yellowtail"": 2}",{},42,"Effishency Oceanside Sea Center Oceanside, CA | 4 Anglers Full Day | 2 Yellowtail, 40 Yellowfin Tuna",San Diego Fish Reports dock totals,https://www.sandiegofishreports.com/dock_totals/boats.php?date=2026-10-03,2026-10-04T06:19:05Z,backfill,dock-trips-1
0bd950b1a291b7e1,2026-10-03,H&M,Grande,full_day,Full Day Offshore,1.0,41,"{""dorado"": 6, ""yellowfin_tuna"": 7}",{},13,"Grande H&M Landing San Diego, CA | 41 Anglers Full Day Offshore | 6 Dorado, 4 Skipjack Tuna, 7 Yellowfin Tuna",San Diego Fish Reports dock totals,https://www.sandiegofishreports.com/dock_totals/boats.php?date=2026-10-03,2026-10-04T06:19:05Z,backfill,dock-trips-1
9d0dd260b4eb6e4c,2026-10-03,H&M,Malihini,three_quarter_day,3/4 Day,0.75,32,"{""bonito"": 22, ""calico_bass"": 28, ""sand_bass"": 5, ""sheephead"": 5, ""white_seabass"": 1, ""yellowtail"": 5}","{""calico_bass"": 60}",126,"Malihini H&M Landing San Diego, CA | 32 Anglers 3/4 Day | 5 Sand Bass, 5 Sheephead, 5 Yellowtail, 28 Calico Bass, 22 Bonito, 1 White Seabass, 60 Calico Bass Released",San Diego Fish Reports dock totals,https://www.sandiegofishreports.com/dock_totals/boats.php?date=2026-10-03,2026-10-04T06:19:05Z,backfill,dock-trips-1
c3c7aa3504d57dfb,2026-10-03,H&M,Premier,half_day,1/2 Day AM,0.5,54,"{""barracuda"": 17, ""sand_bass"": 69, ""yellowtail"": 1}",{},87,"Premier H&M Landing San Diego, CA | 54 Anglers 1/2 Day AM | 69 Sand Bass, 8 Bullet Tuna, 17 Barracuda, 1 Sculpin, 1 Yellowtail, 51 Whitefish",San Diego Fish Reports dock totals,https://www.sandiegofishreports.com/dock_totals/boats.php?date=2026-10-03,2026-10-04T06:19:05Z,backfill,dock-trips-1
0411bbf9feb92edb,2026-10-03,H&M,Premier,half_day,1/2 Day PM,0.5,55,"{""barracuda"": 9, ""sand_bass"": 82, ""sheephead"": 6}",{},97,"Premier H&M Landing San Diego, CA | 55 Anglers 1/2 Day PM | 82 Sand Bass, 9 Barracuda, 1 Sculpin, 6 Sheephead, 23 Whitefish, 1 Rubberlip Seaperch",San Diego Fish Reports dock totals,https://www.sandiegofishreports.com/dock_totals/boats.php?date=2026-10-03,2026-10-04T06:19:05Z,backfill,dock-trips-1
cac122e5279e03cf,2026-10-03,H&M,"Pronto Oceanside Sea Center Oceanside, CA",full_day,Full Day,1.0,12,"{""dorado"": 1, ""yellowfin_tuna"": 61}",{},62,"Pronto Oceanside Sea Center Oceanside, CA | 12 Anglers Full Day | 1 Dorado, 61 Yellowfin Tuna",San Diego Fish Reports dock totals,https://www.sandiegofishreports.com/dock_totals/boats.php?date=2026-10-03,2026-10-04T06:19:05Z,backfill,dock-trips-1
847e7b7c346bddfd,2026-10-03,H&M,Sea Adventure 80,overnight,Overnight,1.0,32,"{""dorado"": 7, ""yellowfin_tuna"": 69}",{},76,"Sea Adventure 80 H&M Landing San Diego, CA | 32 Anglers Overnight | 68 Bullet Tuna, 7 Dorado, 1 Monchong, 16 Skipjack Tuna, 69 Yellowfin Tuna",San Diego Fish Reports dock totals,https://www.sandiegofishreports.com/dock_totals/boats.php?date=2026-10-03,2026-10-04T06:19:05Z,backfill,dock-trips-1
e2af5965925dc5ef,2026-10-03,H&M,"Southern Cal Oceanside Sea Center Oceanside, CA",half_day,1/2 Day AM,0.5,39,"{""bonito"": 30, ""calico_bass"": 7, ""yellowtail"": 1}","{""calico_bass"": 80}",118,"Southern Cal Oceanside Sea Center Oceanside, CA | 39 Anglers 1/2 Day AM | 1 Yellowtail, 7 Calico Bass, 30 Bonito, 80 Calico Bass Released",San Diego Fish Reports dock totals,https://www.sandiegofishreports.com/dock_totals/boats.php?date=2026-10-03,2026-10-04T06:19:05Z,backfill,dock-trips-1
67ccb81ce9b7f62f,2026-10-03,H&M,Tradition,twilight,1/2 Day Twilight,0.4,7,{},{},0,"Tradition H&M Landing San Diego, CA | 7 Anglers 1/2 Day Twilight | 25 Spiny Lobster, 20 Spiny Lobster Released",San Diego Fish Reports dock totals,https://www.sandiegofishreports.com/dock_totals/boats.php?date=2026-10-03,2026-10-04T06:19:05Z,backfill,dock-trips-1
172431f8bf16478b,2026-10-03,Point Loma,Daily Double,half_day,1/2 Day AM,0.5,24,"{""sand_bass"": 1, ""sheephead"": 2}",{},3,"Daily Double Point Loma Sportfishing San Diego, CA | 24 Anglers 1/2 Day AM | 1 Barred Sand Bass, 1 Sculpin, 2 Sheephead, 18 Whitefish",San Diego Fish Reports dock totals,https://www.sandiegofishreports.com/dock_totals/boats.php?date=2026-10-03,2026-10-04T06:19:05Z,backfill,dock-trips-1
a1515dfc564cae9b,2026-10-03,Point Loma,Mission Belle,full_day,Full Day,1.0,30,"{""dorado"": 2, ""yellowfin_tuna"": 50, ""yellowtail"": 8}",{},60,"Mission Belle Point Loma Sportfishing San Diego, CA | 30 Anglers Full Day | 8 Yellowtail, 2 Dorado, 50 Yellowfin Tuna",San Diego Fish Reports dock totals,https://www.sandiegofishreports.com/dock_totals/boats.php?date=2026-10-03,2026-10-04T06:19:05Z,backfill,dock-trips-1
cf3ceb089c8aa217,2026-10-03,Point Loma,Point Loma,full_day,Full Day,1.0,16,"{""yellowtail"": 52}",{},52,"Point Loma Point Loma Sportfishing San Diego, CA | 16 Anglers Full Day | 52 Yellowtail",San Diego Fish Reports dock totals,https://www.sandiegofishreports.com/dock_totals/boats.php?date=2026-10-03,2026-10-04T06:19:05Z,backfill,dock-trips-1
071ac5b01f66211d,2026-10-03,Seaforth,Cortez,2.5_day,2.5 Day,2.5,8,"{""bluefin_tuna"": 5, ""yellowfin_tuna"": 10, ""yellowtail"": 14}",{},29,"Cortez Seaforth Sportfishing San Diego, CA | 8 Anglers 2.5 Day | 5 Bluefin Tuna (up to 170 pounds), 14 Yellowtail, 10 Yellowfin Tuna",San Diego Fish Reports dock totals,https://www.sandiegofishreports.com/dock_totals/boats.php?date=2026-10-03,2026-10-04T06:19:05Z,backfill,dock-trips-1
623663c6d873b619,2026-10-03,Seaforth,New Seaforth,half_day,1/2 Day AM,0.5,54,"{""barracuda"": 49, ""bonito"": 12, ""calico_bass"": 11, ""sand_bass"": 4, ""sheephead"": 2}",{},78,"New Seaforth Seaforth Sportfishing San Diego, CA | 54 Anglers 1/2 Day AM | 4 Sand Bass, 49 Barracuda, 15 Sculpin, 2 Sheephead, 11 Calico Bass, 4 Whitefish, 12 Bonito",San Diego Fish Reports dock totals,https://www.sandiegofishreports.com/dock_totals/boats.php?date=2026-10-03,2026-10-04T06:19:05Z,backfill,dock-trips-1
664430c82af037a3,2026-10-03,Seaforth,New Seaforth,half_day,1/2 Day PM,0.5,5,"{""barracuda"": 2, ""bonito"": 25, ""calico_bass"": 20, ""yellowtail"": 7}",{},54,"New Seaforth Seaforth Sportfishing San Diego, CA | 5 Anglers 1/2 Day PM | 2 Barracuda, 7 Yellowtail, 20 Calico Bass, 25 Bonito",San Diego Fish Reports dock totals,https://www.sandiegofishreports.com/dock_totals/boats.php?date=2026-10-03,2026-10-04T06:19:05Z,backfill,dock-trips-1
3b1e95260cb2062b,2026-10-03,Seaforth,Pacific Voyager,3_day,3 Day,3.0,16,"{""yellowfin_tuna"": 119, ""yellowtail"": 16}",{},135,"Pacific Voyager Seaforth Sportfishing San Diego, CA | 16 Anglers 3 Day | 16 Yellowtail, 119 Yellowfin Tuna",San Diego Fish Reports dock totals,https://www.sandiegofishreports.com/dock_totals/boats.php?date=2026-10-03,2026-10-04T06:19:05Z,backfill,dock-trips-1
bd6bab5384a2ed49,2026-10-03,Seaforth,San Diego,full_day,Full Day Offshore,1.0,35,"{""yellowfin_tuna"": 100, ""yellowtail"": 38}",{},138,"San Diego Seaforth Sportfishing San Diego, CA | 35 Anglers Full Day Offshore | 38 Yellowtail, 100 Yellowfin Tuna",San Diego Fish Reports dock totals,https://www.sandiegofishreports.com/dock_totals/boats.php?date=2026-10-03,2026-10-04T06:19:05Z,backfill,dock-trips-1
7ffb32dc0b58b16e,2026-10-03,Seaforth,Sea Watch,full_day,Full Day Offshore,1.0,30,"{""dorado"": 18, ""yellowfin_tuna"": 88, ""yellowtail"": 8}",{},114,"Sea Watch Seaforth Sportfishing San Diego, CA | 30 Anglers Full Day Offshore | 12 Bullet Tuna, 8 Yellowtail, 18 Dorado, 88 Yellowfin Tuna",San Diego Fish Reports dock totals,https://www.sandiegofishreports.com/dock_totals/boats.php?date=2026-10-03,2026-10-04T06:19:05Z,backfill,dock-trips-1
8b0f96959b877074,2026-10-02,H&M,"Sea Star Oceanside Sea Center Oceanside, CA",three_quarter_day,3/4 Day,0.75,10,"{""bluefin_tuna"": 1, ""dorado"": 6, ""yellowfin_tuna"": 14}","{""yellowtail"": 16}",37,"Sea Star Oceanside Sea Center Oceanside, CA | 10 Anglers 3/4 Day | 1 Bluefin Tuna, 57 Bullet Tuna, 6 Dorado, 12 Skipjack Tuna, 14 Yellowfin Tuna, 16 Yellowtail Released",San Diego Fish Reports dock totals,https://www.sandiegofishreports.com/dock_totals/boats.php?date=2026-10-02,2026-10-05T23:42:09Z,daily_refresh,dock-trips-1
9f074fa57ec7f650,2026-10-03,H&M,"Sea Star Oceanside Sea Center Oceanside, CA",three_quarter_day,3/4 Day Local,0.75,9,"{""bonito"": 57, ""calico_bass"": 36, ""sand_bass"": 2, ""yellowfin_tuna"": 2}","{""yellowtail"": 16}",113,"Sea Star Oceanside Sea Center Oceanside, CA | 9 Anglers 3/4 Day Local | 2 Sand Bass, 36 Calico Bass, 57 Bonito, 2 Yellowfin Tuna, 16 Yellowtail Released",San Diego Fish Reports dock totals,https://www.sandiegofishreports.com/dock_totals/boats.php?date=2026-10-03,2026-10-05T23:42:10Z,daily_refresh,dock-trips-1
2453fa7a0d517612,2026-10-03,Point Loma,Daily Double,half_day,1/2 Day PM,0.5,45,"{""bonito"": 8, ""calico_bass"": 14, ""sand_bass"": 52, ""sheephead"": 4, ""yellowtail"": 8}",{},86,"Daily Double Point Loma Sportfishing San Diego, CA | 45 Anglers 1/2 Day PM | 52 Barred Sand Bass, 4 Sheephead, 8 Yellowtail, 14 Calico Bass, 8 Bonito",San Diego Fish Reports dock totals,https://www.sandiegofishreports.com/dock_totals/boats.php?date=2026-10-03,2026-10-05T23:42:10Z,daily_refresh,dock-trips-1
c38222860640a2d9,2026-10-04,Fishermans,Dolphin,half_day,1/2 Day AM,0.5,57,"{""calico_bass"": 16, ""california_halibut"": 2, ""sand_bass"": 55, ""yellowtail"": 2}",{},75,"Dolphin Fisherman's Landing San Diego, CA | 57 Anglers 1/2 Day AM | 55 Sand Bass, 5 Bullet Tuna, 2 Halibut, 15 Sculpin, 2 Yellowtail, 16 Calico Bass, 7 Whitefish",San Diego Fish Reports dock totals,https://www.sandiegofishreports.com/dock_totals/boats.php?date=2026-10-04,2026-10-05T23:42:12Z,daily_refresh,dock-trips-1
a0b4e0d7c77a6c39,2026-10-04,Fishermans,Dolphin,half_day,1/2 Day PM,0.5,64,"{""calico_bass"": 6, ""sand_bass"": 15, ""sheephead"": 4, ""yellowtail"": 1}",{},26,"Dolphin Fisherman's Landing San Diego, CA | 64 Anglers 1/2 Day PM | 15 Sand Bass, 8 Sculpin, 4 Sheephead, 1 Yellowtail, 6 Calico Bass",San Diego Fish Reports dock totals,https://www.sandiegofishreports.com/dock_totals/boats.php?date=2026-10-04,2026-10-05T23:42:12Z,daily_refresh,dock-trips-1
7a5e92b52e759a6f,2026-10-04,Fishermans,Fortune,2_day,2 Day,2.0,18,"{""bluefin_tuna"": 1, ""yellowfin_tuna"": 2, ""yellowtail"": 14}",{},17,"Fortune Fisherman's Landing San Diego, CA | 18 Anglers 2 Day | 1 Bluefin Tuna, 14 Yellowtail, 2 Yellowfin Tuna",San Diego Fish Reports dock totals,https://www.sandiegofishreports.com/dock_totals/boats.php?date=2026-10-04,2026-10-05T23:42:12Z,daily_refresh,dock-trips-1
461a597a3c1ac540,2026-10-04,Fishermans,Liberty,2.5_day,2.5 Day,2.5,18,"{""bluefin_tuna"": 3, ""yellowfin_tuna"": 50, ""yellowtail"": 14}",{},67,"Liberty Fisherman's Landing San Diego, CA | 18 Anglers 2.5 Day | 3 Bluefin Tuna, 14 Yellowtail, 50 Yellowfin Tuna (up to 70 pounds)",San Diego Fish Reports dock totals,https://www.sandiegofishreports.com/dock_totals/boats.php?date=2026-10-04,2026-10-05T23:42:12Z,daily_refresh,dock-trips-1
8fdc907102b8e05b,2026-10-04,Fishermans,Pacific Dawn,3_day,3 Day,3.0,16,"{""bluefin_tuna"": 2, ""dorado"": 1, ""yellowfin_tuna"": 40, ""yellowtail"": 2}",{},45,"Pacific Dawn Fisherman's Landing San Diego, CA | 16 Anglers 3 Day | 2 Bluefin Tuna, 2 Yellowtail, 1 Dorado, 40 Yellowfin Tuna (up to 70 pounds)",San Diego Fish Reports dock totals,https://www.sandiegofishreports.com/dock_totals/boats.php?date=2026-10-04,2026-10-05T23:42:12Z,daily_refresh,dock-trips-1
2f759305e22a220d,2026-10-04,Fishermans,Pacific Queen,3_day,3 Day,3.0,20,"{""bluefin_tuna"": 5, ""yellowfin_tuna"": 52, ""yellowtail"": 8}",{},65,"Pacific Queen Fisherman's Landing San Diego, CA | 20 Anglers 3 Day | 5 Bluefin Tuna (up to 220 pounds), 8 Yellowtail, 52 Yellowfin Tuna (up to 60 pounds)",San Diego Fish Reports dock totals,https://www.sandiegofishreports.com/dock_totals/boats.php?date=2026-10-04,2026-10-05T23:42:12Z,daily_refresh,dock-trips-1
2f9639c00fda138c,2026-10-04,H&M,"Blue Horizon Oceanside Sea Center Oceanside, CA",full_day,Full Day,1.0,21,"{""dorado"": 2, ""yellowfin_tuna"": 58}",{},60,"Blue Horizon Oceanside Sea Center Oceanside, CA | 21 Anglers Full Day | 2 Dorado, 5 Skipjack Tuna, 58 Yellowfin Tuna",San Diego Fish Reports dock totals,https://www.sandiegofishreports.com/dock_totals/boats.php?date=2026-10-04,2026-10-05T23:42:12Z,daily_refresh,dock-trips-1
1b8c77bd22a55c39,2026-10-04,H&M,"Chubasco II Oceanside Sea Center Oceanside, CA",three_quarter_day,3/4 Day,0.75,32,"{""barracuda"": 40, ""bonito"": 6, ""california_halibut"": 1, ""sand_bass"": 10, ""white_seabass"": 1, ""yellowtail"": 2}",{},60,"Chubasco II Oceanside Sea Center Oceanside, CA | 32 Anglers 3/4 Day | 10 Sand Bass, 40 Barracuda, 1 Halibut, 4 Sculpin, 2 Yellowtail, 16 Whitefish, 6 Bonito, 1 White Seabass",San Diego Fish Reports dock totals,https://www.sandiegofishreports.com/dock_totals/boats.php?date=2026-10-04,2026-10-05T23:42:12Z,daily_refresh,dock-trips-1
7841057d93a6559b,2026-10-04,H&M,Grande,full_day,Full Day Offshore,1.0,39,"{""dorado"": 4, ""yellowfin_tuna"": 39, ""yellowtail"": 36}",{},79,"Grande H&M Landing San Diego, CA | 39 Anglers Full Day Offshore | 36 Yellowtail, 4 Dorado, 1 Skipjack Tuna, 39 Yellowfin Tuna",San Diego Fish Reports dock totals,https://www.sandiegofishreports.com/dock_totals/boats.php?date=2026-10-04,2026-10-05T23:42:12Z,daily_refresh,dock-trips-1
1c9184127bb19f1f,2026-10-04,H&M,Patriot (SD),2_day,2 Day,2.0,12,"{""bluefin_tuna"": 1, ""dorado"": 7, ""rockfish"": 90, ""yellowfin_tuna"": 2, ""yellowtail"": 6}",{},106,"Patriot (SD) H&M Landing San Diego, CA | 12 Anglers 2 Day | 1 Bluefin Tuna, 6 Yellowtail, 7 Dorado, 90 Rockfish, 2 Yellowfin Tuna",San Diego Fish Reports dock totals,https://www.sandiegofishreports.com/dock_totals/boats.php?date=2026-10-04,2026-10-05T23:42:12Z,daily_refresh,dock-trips-1
3ddc854cba833468,2026-10-04,H&M,Premier,half_day,1/2 Day AM,0.5,54,"{""barracuda"": 21, ""sand_bass"": 61, ""sheephead"": 3, ""yellowtail"": 1}",{},86,"Premier H&M Landing San Diego, CA | 54 Anglers 1/2 Day AM | 61 Sand Bass, 21 Barracuda, 3 Sheephead, 1 Yellowtail, 72 Whitefish",San Diego Fish Reports dock totals,https://www.sandiegofishreports.com/dock_totals/boats.php?date=2026-10-04,2026-10-05T23:42:12Z,daily_refresh,dock-trips-1
b631d1a1ea54ceb8,2026-10-04,H&M,Premier,half_day,1/2 Day PM,0.5,37,"{""bluefin_tuna"": 1, ""calico_bass"": 6, ""sand_bass"": 23, ""sheephead"": 11}",{},41,"Premier H&M Landing San Diego, CA | 37 Anglers 1/2 Day PM | 23 Sand Bass, 1 Bluefin Tuna, 11 Sculpin, 11 Sheephead, 6 Calico Bass, 31 Whitefish",San Diego Fish Reports dock totals,https://www.sandiegofishreports.com/dock_totals/boats.php?date=2026-10-04,2026-10-05T23:42:12Z,daily_refresh,dock-trips-1
979734983ff8060f,2026-10-04,H&M,Producer,overnight,Overnight,1.0,29,"{""dorado"": 1, ""yellowfin_tuna"": 7, ""yellowtail"": 3}",{},11,"Producer H&M Landing San Diego, CA | 29 Anglers Overnight | 3 Yellowtail, 1 Dorado, 10 Skipjack Tuna, 1 Striped Marlin, 7 Yellowfin Tuna",San Diego Fish Reports dock totals,https://www.sandiegofishreports.com/dock_totals/boats.php?date=2026-10-04,2026-10-05T23:42:12Z,daily_refresh,dock-trips-1
7313b571ea0b4340,2026-10-04,H&M,Ranger 85,2.5_day,2.5 Day,2.5,19,"{""bluefin_tuna"": 3, ""yellowfin_tuna"": 8, ""yellowtail"": 26}",{},37,"Ranger 85 H&M Landing San Diego, CA | 19 Anglers 2.5 Day | 3 Bluefin Tuna, 26 Yellowtail, 8 Yellowfin Tuna",San Diego Fish Reports dock totals,https://www.sandiegofishreports.com/dock_totals/boats.php?date=2026-10-04,2026-10-05T23:42:12Z,daily_refresh,dock-trips-1
04033d7d0e0a7524,2026-10-04,H&M,Sea Adventure 80,overnight,Overnight,1.0,20,"{""dorado"": 4, ""yellowfin_tuna"": 48}",{},52,"Sea Adventure 80 H&M Landing San Diego, CA | 20 Anglers Overnight | 4 Dorado, 16 Skipjack Tuna, 48 Yellowfin Tuna",San Diego Fish Reports dock totals,https://www.sandiegofishreports.com/dock_totals/boats.php?date=2026-10-04,2026-10-05T23:42:12Z,daily_refresh,dock-trips-1
00caa6ceeea9292f,2026-10-04,H&M,"Southern Cal Oceanside Sea Center Oceanside, CA",half_day,1/2 Day AM,0.5,30,"{""bonito"": 120, ""calico_bass"": 7, ""sand_bass"": 9, ""yellowtail"": 6}","{""calico_bass"": 20, ""sand_bass"": 10}",172,"Southern Cal Oceanside Sea Center Oceanside, CA | 30 Anglers 1/2 Day AM | 9 Sand Bass, 6 Yellowtail, 7 Calico Bass, 120 Bonito, 10 Sand Bass Released , 20 Calico Bass Released",San Diego Fish Reports dock totals,https://www.sandiegofishreports.com/dock_totals/boats.php?date=2026-10-04,2026-10-05T23:42:12Z,daily_refresh,dock-trips-1
26c4c158595b93f3,2026-10-04,H&M,Tradition,twilight,1/2 Day Twilight,0.4,9,{},{},0,"Tradition H&M Landing San Diego, CA | 9 Anglers 1/2 Day Twilight | 35 Spiny Lobster, 42 Spiny Lobster Released",San Diego Fish Reports dock totals,https://www.sandiegofishreports.com/dock_totals/boats.php?date=2026-10-04,2026-10-05T23:42:12Z,daily_refresh,dock-trips-1
7849b3e23a0c7aa6,2026-10-04,H&M,Tradition,full_day,Full Day,1.0,18,"{""dorado"": 2, ""yellowfin_tuna"": 7}",{},9,"Tradition H&M Landing San Diego, CA | 18 Anglers Full Day | 2 Dorado, 25 Skipjack Tuna, 7 Yellowfin Tuna",San Diego Fish Reports dock totals,https://www.sandiegofishreports.com/dock_totals/boats.php?date=2026-10-04,2026-10-05T23:42:12Z,daily_refresh,dock-trips-1
6856b4d4cdf7e91f,2026-10-04,Point Loma,Daily Double,half_day,1/2 Day AM,0.5,46,"{""bonito"": 1, ""sand_bass"": 9}","{""calico_bass"": 40}",50,"Daily Double Point Loma Sportfishing San Diego, CA | 46 Anglers 1/2 Day AM | 9 Barred Sand Bass, 5 Sculpin, 2 Whitefish, 1 Bonito, 40 Calico Bass Released",San Diego Fish Reports dock totals,https://www.sandiegofishreports.com/dock_totals/boats.php?date=2026-10-04,2026-10-05T23:42:12Z,daily_refresh,dock-trips-1
3fec727ece9d3029,2026-10-04,Point Loma,Daily Double,half_day,1/2 Day PM,0.5,42,"{""bonito"": 7, ""calico_bass"": 10, ""sand_bass"": 50, ""sheephead"": 2}",{},69,"Daily Double Point Loma Sportfishing San Diego, CA | 42 Anglers 1/2 Day PM | 50 Barred Sand Bass, 2 Bullet Tuna, 2 Sheephead, 10 Calico Bass, 1 Whitefish, 7 Bonito",San Diego Fish Reports dock totals,https://www.sandiegofishreports.com/dock_totals/boats.php?date=2026-10-04,2026-10-05T23:42:12Z,daily_refresh,dock-trips-1
2f3b41872df72881,2026-10-04,Point Loma,Mission Belle,full_day,Full Day,1.0,30,"{""bonito"": 25, ""calico_bass"": 5, ""yellowtail"": 14}",{},44,"Mission Belle Point Loma Sportfishing San Diego, CA | 30 Anglers Full Day | 14 Yellowtail, 5 Calico Bass, 25 Bonito",San Diego Fish Reports dock totals,https://www.sandiegofishreports.com/dock_totals/boats.php?date=2026-10-04,2026-10-05T23:42:12Z,daily_refresh,dock-trips-1
87cea934c36b7acd,2026-10-04,Point Loma,Wildcard 95,1.5_day,1.5 Day,1.5,19,"{""dorado"": 1, ""yellowfin_tuna"": 14}",{},15,"Wildcard 95 Point Loma Sportfishing San Diego, CA | 19 Anglers 1.5 Day | 1 Dorado, 14 Yellowfin Tuna",San Diego Fish Reports dock totals,https://www.sandiegofishreports.com/dock_totals/boats.php?date=2026-10-04,2026-10-05T23:42:12Z,daily_refresh,dock-trips-1
567dd17843f32b3b,2026-10-04,Seaforth,Apollo,2_day,2 Day,2.0,20,"{""bluefin_tuna"": 12, ""rockfish"": 120, ""yellowfin_tuna"": 3, ""yellowtail"": 9}",{},144,"Apollo Seaforth Sportfishing San Diego, CA | 20 Anglers 2 Day | 12 Bluefin Tuna, 9 Yellowtail, 80 Rockfish, 40 Vermilion Rockfish, 3 Yellowfin Tuna",San Diego Fish Reports dock totals,https://www.sandiegofishreports.com/dock_totals/boats.php?date=2026-10-04,2026-10-05T23:42:12Z,daily_refresh,dock-trips-1
97ed80d5aeca2a52,2026-10-04,Seaforth,Aztec,1.5_day,1.5 Day,1.5,24,"{""dorado"": 4, ""yellowfin_tuna"": 24, ""yellowtail"": 6}",{},34,"Aztec Seaforth Sportfishing San Diego, CA | 24 Anglers 1.5 Day | 6 Yellowtail, 4 Dorado, 24 Yellowfin Tuna",San Diego Fish Reports dock totals,https://www.sandiegofishreports.com/dock_totals/boats.php?date=2026-10-04,2026-10-05T23:42:12Z,daily_refresh,dock-trips-1
8add0f28beec62c6,2026-10-04,Seaforth,El Gato Dos,full_day,Full Day,1.0,4,"{""yellowfin_tuna"": 20, ""yellowtail"": 6}",{},26,"El Gato Dos Seaforth Sportfishing San Diego, CA | 4 Anglers Full Day | 6 Yellowtail, 20 Yellowfin Tuna",San Diego Fish Reports dock totals,https://www.sandiegofishreports.com/dock_totals/boats.php?date=2026-10-04,2026-10-05T23:42:12Z,daily_refresh,dock-trips-1
5fc72db7b4ef1710,2026-10-04,Seaforth,Highliner,1.5_day,1.5 Day,1.5,22,"{""bluefin_tuna"": 16, ""rockfish"": 44, ""yellowfin_tuna"": 17, ""yellowtail"": 19}",{},96,"Highliner Seaforth Sportfishing San Diego, CA | 22 Anglers 1.5 Day | 16 Bluefin Tuna, 19 Yellowtail, 5 Skipjack Tuna, 44 Vermilion Rockfish, 17 Yellowfin Tuna",San Diego Fish Reports dock totals,https://www.sandiegofishreports.com/dock_totals/boats.php?date=2026-10-04,2026-10-05T23:42:12Z,daily_refresh,dock-trips-1
322ed1813c6dfa35,2026-10-04,Seaforth,New Seaforth,half_day,1/2 Day AM,0.5,52,"{""barracuda"": 95, ""bonito"": 15, ""calico_bass"": 14, ""sand_bass"": 6, ""sheephead"": 6, ""white_seabass"": 1, ""yellowtail"": 14}",{},151,"New Seaforth Seaforth Sportfishing San Diego, CA | 52 Anglers 1/2 Day AM | 6 Sand Bass, 95 Barracuda, 3 Sculpin, 6 Sheephead, 14 Yellowtail, 14 Calico Bass, 8 Whitefish, 15 Bonito, 1 White Seabass",San Diego Fish Reports dock totals,https://www.sandiegofishreports.com/dock_totals/boats.php?date=2026-10-04,2026-10-05T23:42:12Z,daily_refresh,dock-trips-1
5c15e23a4bb29ba1,2026-10-04,Seaforth,New Seaforth,half_day,1/2 Day PM,0.5,57,"{""barracuda"": 45, ""bonito"": 15, ""calico_bass"": 5, ""california_halibut"": 3, ""sand_bass"": 5, ""white_seabass"": 1, ""yellowtail"": 2}",{},76,"New Seaforth Seaforth Sportfishing San Diego, CA | 57 Anglers 1/2 Day PM | 5 Sand Bass, 45 Barracuda, 3 Halibut, 2 Yellowtail, 5 Calico Bass, 15 Bonito, 1 White Seabass",San Diego Fish Reports dock totals,https://www.sandiegofishreports.com/dock_totals/boats.php?date=2026-10-04,2026-10-05T23:42:12Z,daily_refresh,dock-trips-1
cb91b58666a622af,2026-10-04,Seaforth,Pacifica,2_day,2 Day,2.0,24,"{""bluefin_tuna"": 8, ""yellowfin_tuna"": 70}",{},78,"Pacifica Seaforth Sportfishing San Diego, CA | 24 Anglers 2 Day | 8 Bluefin Tuna, 42 Skipjack Tuna, 70 Yellowfin Tuna",San Diego Fish Reports dock totals,https://www.sandiegofishreports.com/dock_totals/boats.php?date=2026-10-04,2026-10-05T23:42:12Z,daily_refresh,dock-trips-1
f789b55fb11d353a,2026-10-04,Seaforth,San Diego,full_day,Full Day Offshore,1.0,36,"{""dorado"": 2, ""yellowfin_tuna"": 88, ""yellowtail"": 22}",{},112,"San Diego Seaforth Sportfishing San Diego, CA | 36 Anglers Full Day Offshore | 22 Yellowtail, 2 Dorado, 3 Skipjack Tuna, 88 Yellowfin Tuna",San Diego Fish Reports dock totals,https://www.sandiegofishreports.com/dock_totals/boats.php?date=2026-10-04,2026-10-05T23:42:12Z,daily_refresh,dock-trips-1
790ea8264d04bbc2,2026-10-04,Seaforth,Sea Watch,full_day,Full Day Offshore,1.0,29,"{""yellowfin_tuna"": 78, ""yellowtail"": 6}",{},84,"Sea Watch Seaforth Sportfishing San Diego, CA | 29 Anglers Full Day Offshore | 6 Yellowtail, 78 Yellowfin Tuna",San Diego Fish Reports dock totals,https://www.sandiegofishreports.com/dock_totals/boats.php?date=2026-10-04,2026-10-05T23:42:12Z,daily_refresh,dock-trips-1
45b8c7f8db211cdf,2026-10-04,Seaforth,Tribute,1.5_day,1.5 Day,1.5,18,"{""yellowfin_tuna"": 29}",{},29,"Tribute Seaforth Sportfishing San Diego, CA | 18 Anglers 1.5 Day | 35 Skipjack Tuna, 29 Yellowfin Tuna",San Diego Fish Reports dock totals,https://www.sandiegofishreports.com/dock_totals/boats.php?date=2026-10-04,2026-10-05T23:42:12Z,daily_refresh,dock-trips-1
015b85ac06eb648a,2026-10-05,H&M,Grande,full_day,Full Day Offshore,1.0,27,"{""dorado"": 6, ""yellowfin_tuna"": 40, ""yellowtail"": 10}",{},56,"Grande H&M Landing San Diego, CA | 27 Anglers Full Day Offshore | 10 Yellowtail, 6 Dorado, 1 Skipjack Tuna, 40 Yellowfin Tuna",San Diego Fish Reports dock totals,https://www.sandiegofishreports.com/dock_totals/boats.php?date=2026-10-05,2026-10-05T23:42:13Z,daily_refresh,dock-trips-1
e2fa47b57fc35c86,2026-10-05,H&M,Legend,3_day,3 Day,3.0,25,"{""bluefin_tuna"": 23, ""yellowfin_tuna"": 2}",{},25,"Legend H&M Landing San Diego, CA | 25 Anglers 3 Day | 23 Bluefin Tuna (up to 200 pounds), 2 Yellowfin Tuna (up to 60 pounds)",San Diego Fish Reports dock totals,https://www.sandiegofishreports.com/dock_totals/boats.php?date=2026-10-05,2026-10-05T23:42:13Z,daily_refresh,dock-trips-1
879d8dcdd0e872cf,2026-10-05,H&M,Ocean Odyssey,2.5_day,2.5 Day,2.5,22,"{""yellowfin_tuna"": 36, ""yellowtail"": 13}",{},49,"Ocean Odyssey H&M Landing San Diego, CA | 22 Anglers 2.5 Day | 13 Yellowtail, 36 Yellowfin Tuna",San Diego Fish Reports dock totals,https://www.sandiegofishreports.com/dock_totals/boats.php?date=2026-10-05,2026-10-05T23:42:13Z,daily_refresh,dock-trips-1
5d2252e0af084cb2,2026-10-05,H&M,Producer,overnight,Overnight,1.0,15,"{""bonito"": 2, ""dorado"": 10, ""yellowfin_tuna"": 75, ""yellowtail"": 12}",{},99,"Producer H&M Landing San Diego, CA | 15 Anglers Overnight | 2 Bullet Tuna, 12 Yellowtail, 10 Dorado, 2 Bonito, 75 Yellowfin Tuna",San Diego Fish Reports dock totals,https://www.sandiegofishreports.com/dock_totals/boats.php?date=2026-10-05,2026-10-05T23:42:13Z,daily_refresh,dock-trips-1
5081f242f073b314,2026-10-05,H&M,"Southern Cal Oceanside Sea Center Oceanside, CA",half_day,1/2 Day AM,0.5,23,"{""bonito"": 80, ""calico_bass"": 25, ""yellowtail"": 3}","{""calico_bass"": 100}",208,"Southern Cal Oceanside Sea Center Oceanside, CA | 23 Anglers 1/2 Day AM | 3 Yellowtail, 25 Calico Bass, 80 Bonito, 100 Calico Bass Released",San Diego Fish Reports dock totals,https://www.sandiegofishreports.com/dock_totals/boats.php?date=2026-10-05,2026-10-05T23:42:13Z,daily_refresh,dock-trips-1
12c7fc688e13aea6,2026-10-05,Point Loma,New Lo-An,3_day,3 Day,3.0,18,"{""bluefin_tuna"": 18, ""rockfish"": 108, ""yellowfin_tuna"": 25, ""yellowtail"": 34}",{},185,"New Lo-An Point Loma Sportfishing San Diego, CA | 18 Anglers 3 Day | 18 Bluefin Tuna, 34 Yellowtail, 108 Red Rockfish, 25 Yellowfin Tuna",San Diego Fish Reports dock totals,https://www.sandiegofishreports.com/dock_totals/boats.php?date=2026-10-05,2026-10-05T23:42:13Z,daily_refresh,dock-trips-1
7f3c4ab4a25c58ac,2026-10-05,Seaforth,New Seaforth,half_day,1/2 Day AM,0.5,54,"{""bonito"": 6, ""calico_bass"": 35, ""sand_bass"": 5, ""sheephead"": 6, ""yellowtail"": 2}","{""calico_bass"": 100}",154,"New Seaforth Seaforth Sportfishing San Diego, CA | 54 Anglers 1/2 Day AM | 5 Sand Bass, 6 Sheephead, 2 Yellowtail, 35 Calico Bass, 20 Whitefish, 6 Bonito, 100 Calico Bass Released",San Diego Fish Reports dock totals,https://www.sandiegofishreports.com/dock_totals/boats.php?date=2026-10-05,2026-10-05T23:42:13Z,daily_refresh,dock-trips-1
