report_date,fetched_at_utc,ingest_method,ok,n_trips,raw_ids,error
2026-08-15,2026-10-04T06:17:27Z,backfill,True,32,1a4eba408dd6c6aa;67f82c5ee02de6fc;afceecd36fcf2469;d9012c225a77101d;d9876f0f5806bdb9;0cee6b075eaef7c9;7fdf96c7adfdc78a;996ce94632a2eb40;b616acea5e7a623e;bdde2335897b7e59;49944a771f951bef;4f8c4efa3184663b;ca5e3c21ed2f4ed0;19e81cc961d94d91;7a7ee439204e1232;7da5df50bbbc08f0;6568297986be8390;e670ab757b4ca171;06acdcd3a27f2a3b;60f5d78b56353e88;c27878abc44a1632;19e7d3c487f6bab9;c6348c7652cf399d;822d260091102d48;c780fc77d1afc689;cceec79db6f1c921;8323221060fcea0f;275d973947fcb92b;5f777f2a3ed45d87;c203196bdc717629;e06305bf1dd29308;2c5c36f2d0e054e9,
2026-08-16,2026-10-04T06:17:29Z,backfill,True,31,bebbf7b3161980f1;047e901d4a6f75b6;3a0114ec255123dd;6ba37ac30b6568f6;f0602e776e6cd22d;778f45aea78f4f6a;c7106a428ad69cff;bd2dcf51d5f02229;9bcd3bfbda97f7b5;f6b4d102a9592f17;4a6960c8d0faf4cc;3a0516010012fa78;004752d8d2a969a8;90ba59e811b17e02;315cbeea853de93b;a11c4045ae4eed79;3731836108253599;b867a29795075310;5625e4da9b8f4d0f;9b255117ef1167bd;135853e6e04e2ddf;9f4d73178a97ab44;70e07d2fadad63a5;04fd7a9736d7a06d;0ff8c21deb884835;53cd9d9c368829bf;308e483218bf8653;95415e27fa25a617;5ca2e9d64dcad31d;22c0bc35b42a4e73;c284792cd852c786,
2026-08-17,2026-10-04T06:17:31Z,backfill,True,27,9b59a8e7c11059bb;a74a21c4bfa3f2a7;4b041c47916c6105;e870dab728fe6c9f;3e6e5eea1b3fc7db;3d0dc8ea789919a0;14be8469928c7856;4b5595520d748a2c;6698e68a90f01dca;2d77dc5fb7151d4f;163a15d9c8819120;34e84cea141730d5;53ee53d7b68dafc3;295852363c0f5eeb;e97a0bd55c5e827e;2c81e10ebc47ccd4;2556af7ac5bb5e95;6a690817aaa08e38;4359df2e7b1e968d;2216b21e06909787;0cba4559d4da1518;648a1238f2497d3a;e32e2265166d18ef;10c3f8203600b52f;9b4de46d1d0af72f;4900d608f3c30029;a1a8b786f72994d3,
2026-08-18,2026-10-04T06:17:33Z,backfill,True,22,18887860a57bd9c8;518568af110b3444;d6e45fcc2bcb2338;9e91e1a1d32c9556;15755b23269b197a;799058af2e5f2f22;5d1095adb0e11b6f;8295cc8c09544f83;e99388dc82e316b0;230868aea19b006e;c690ff849af5e21b;94e70ef93d4a1b8f;c33314a67daff07d;bb3fd79ca8676813;f453716c38f61c2d;f867823a98969727;3f6aefbcdee4eb14;ba24b0c38b035b85;553e603cd4f6e905;50393054b7e41b6a;ce23b0df49351168;de6c87abfd61ddaa,
2026-08-19,2026-10-04T06:17:35Z,backfill,True,22,46ccc2c034a67544;cc2c0fa1554b77bd;9bab50d92b2b4e43;6d08a75ebe050d04;77eb30481dccdadc;c171c7cae162ea23;632c2cc2c584de29;77e1c2015d8f3963;9fe25f54a6e6b887;676d95dc1a1086c7;b0ed29647249234b;b1d9d0f84297edd9;8e6922bf48a26c13;c2bc72534f95cb60;84ef54daead1c154;c0cbe4ffa00f2e5a;979df8ff2d522025;6578e6cc701f29af;b094a3f0703a3b71;17d77be1b65ca08a;8e97a94006b36cbd;9dca9f9a92457b53,
2026-08-20,2026-10-04T06:17:37Z,backfill,True,29,384754659ac8fb24;9b66dfef5c50c2c4;a326a4a6c021308c;ec1cee5197c4617d;ccf201aa7243a7e6;c382ab895272eb4c;1c5af3fc4fe85f46;dc26fd96a1b0e7ce;e2d16cdc209da899;4d5ca558b676a9a6;8f6545bd62a8f9c3;d1f4edff23c42cad;e16f20b33072baf7;6ed90e4ec1302630;7771ad56080c6f43;66ba5a13736c3053;f1c57e44733f1a95;071792dbf1b40942;bdeddb8b20f8d520;684c9d6d0f3af604;93ca34b5d2912838;76209ea2a9477fa7;88e709cd040d08b2;852c05b5b85df97d;3c8f0ce3a4435a76;5d93751ebc6ad30d;45889c502edf6481;aaae677043f22962;89cf9d6be157f12b,
2026-08-21,2026-10-04T06:17:39Z,backfill,True,35,08ec6e973d07fb0b;ed47f4008497265c;ef4c01fa7490e9e5;42e3a78bd9265578;2fd2a69540188252;a6650a7eb241ee08;9280f08366dc1c5c;ea815eaeb89c1032;ee40dc3b850c30f5;a86ab411645c82d6;1a8858634ca2ff3f;70dbc7ec988e935e;9268b8af99add674;ffaa50c3d925ef57;9cf61a58e3d0800e;a706a39e82fae607;118daa9514ffd444;d74f0e04e1d6967c;5035812016ffe784;6890ff25c30bd970;2d5b121f04312927;e1cfed26246a8a27;7d1db65fb0150797;cceb7ffc17c4d9af;3c1563073a54b1bb;ac6a2d0456bce916;8fabb5a0caa74b54;2d36dfb3fe1c3939;e20797d7b13f0bf5;69320306d9407d51;0aa412ce9d420cdf;689f8fd9fe57f6ef;04ed4762859909c1;02c3623972ebdf9e;cf8b4e77b81c8d51,
2026-08-22,2026-10-04T06:17:41Z,backfill,True,22,181800398bc9a8fe;78fa3d0d8ea3353d;3266500d8738b523;a52d0f308ae9904f;2d6a6e739f5cba25;da1ca8e861b414a5;f0dbf01e17e0c0b0;2e2133953451378e;6c0b8b35c713057c;e9e11db30f3d1232;740a71091e8f221a;00678edd21196c77;6f9c621c4d4c676f;6d9a7d14d93796c8;c068e4f549a6fae8;d4134afb2c80b602;8ae620a943c67a39;490bbbdac529e0fd;151ce7013bb75382;046f4dae388bf88b;0fbd97ef53175361;688df5c2334ac468,
2026-08-23,2026-10-04T06:17:43Z,backfill,True,42,9d25c822255a1db8;947e30580e6f2d56;8f186e6bdfc34207;3ee95c608994d740;56b354855c130055;f498d6c702f99050;bd7054d6e1e5b2f9;78fc59fd44c1c4a5;0967ea890ac097e8;5116fede3726dcf4;ae5f1002cb5849be;55b76f410b182d0c;71a55708373f604b;ca19889a42aa4f1d;146e42f386b391cb;5a941bde5d1ec6cc;054879d5aacd547d;5f93ca014eb78b47;2491a299ed55bad7;a6f8d9c211b249ec;de2c285ed4fe9bb5;bd73832e003084d0;2a7565941299bcfa;a1e58e06f00eae36;1146149ff05e51cf;65b5fdbd30901500;2fe75307d563f020;217317fe3623d610;26022874184c7624;a8682c855fda0563;483cf2a43be27f6f;7e1e0450d41d7f94;6aa04d401b6e5649;f06b3a4b0dc7155c;7a9225a5ce1275b2;68f1cc1429239af0;9d71a13035193cb4;bd65f099c85fc769;1a2fee758cd28a52;86b16fc6e5fefee6;512b58d5263b2dc6;0c42a8283db686eb,
2026-08-24,2026-10-04T06:17:45Z,backfill,True,26,c4021b6577f7bf68;1ff6cae4d15754d2;17f54f67459c8446;f081e4dbd8de2db5;ea8d709d581c8258;b5213a1c07e20106;70515de0d35832d7;d710d40b8cef2e7b;67c5f49681460527;fa0959f53a0ee9dc;d16196db4504cc1e;d553949473102b90;5421a8a1430f4c1f;7075208eb716ca63;70faed17580dae4c;c7249742da20fb61;8a6651ee6dcfc5ea;560f08671022b06d;b3c96adb4979bb55;8ca88e1215827f99;1a8950450b7f5a31;f1b70452115b70a7;37ff8deab9803f98;833c8a407bb22613;0fffb027aeda6368;5fe0a3793c74f363,
2026-08-25,2026-10-04T06:17:47Z,backfill,True,31,89ddeaf02f1e596f;c0a80005aace5b96;05ab3e969778ae5b;1d214cdbf64401f7;96b161a17a1f64e5;c6bfd01524d699e5;570f69111fe5ec95;019d82096336c6e9;af99670f1441b8de;039afbd0e84b9031;dc59a9105b41ef33;60017a1edd1bdbc6;32e303633128d248;a5c0ea686943cad5;31b7258437e5d1b7;73391fea4573c318;5d0f1a2fc3180d82;0766df6680a78e48;bc35c0e3482df2c1;fef60ac201e9cc3b;c5a07f33d5342345;b52710d20889c91b;0c1b3cba12f5561e;454c6206f3fef056;bb57e28b8feaf658;d0fcf6a0883a1726;714c57926ff552be;93dd4498dd0474cc;494cc976b9358acc;02c2060fe0707d8b;6bff7c4cdb67c619,
2026-08-26,2026-10-04T06:17:49Z,backfill,True,26,b826b8a472337e4c;9fd4b17b93f068a5;56ccb101bcc0c158;06d1072c373def4b;39134e7f0ab97d68;3218482c5ee82753;c99e08ebe2ceecde;3a7582e7f7bd0ec1;1a13fe94eb8eebda;b67617f12ffe8724;fe7435a1352c6591;cce074f5e209bdfb;7a3216094acc4b4d;1e4812b09d194150;5dda59966570246b;af02fa6e8c36f973;ec5ca272d5df7383;1936a4011201c8c9;8d437e83bc9e0824;76475b7b11e392d5;f36f435ea7a48a78;acaf24e2bb453150;8b83eef3719582a2;a8b8db54b21ce05c;05a19fb99c24a7c2;5d06f504c7f838f9,
2026-08-27,2026-10-04T06:17:51Z,backfill,True,30,c03dbc8d8f86387d;912d25251e95ccdc;d506e91319c147de;97db60def475938b;f0f750c7c2836fac;fe0272c2b12e6587;9214b6be4413aab1;1bfb5c755bb12a1b;28dbf1fff4acef05;c63173c2472dbe18;33bc3c95f483ce72;9917a7340cc28fa0;2ac061bdb9e74c13;2b11f461a6ecd890;8e28d43aeb45f660;fda54a7ea0324880;920a11a95102bd2b;178051919fc97cce;eb46b646c341d232;634f6d34429df696;2dc3f3e1bc4b8c17;950e297218b1b0b5;60b8cef5464b0f92;1879a4958f17e807;43a5a5d252e445d2;c118bc10ae4d5a42;c88c43154921490a;1089dde350586158;42b2fe4c3971d8be;43bb70a6a915580f,
2026-08-28,2026-10-04T06:17:53Z,backfill,True,40,23a33f07642e09a9;9d471ea1a0962ec7;a3b3c757d6068d87;693248aa75232079;6e9cc0c7f861e499;86b9e9df9ab996c7;773c2d1b77345e4f;4b2c882639917097;d46e24fe2b12717b;642fcc266d144200;698402629572c9ba;9dd10ffc77a542a6;7c255b0c62cdbf79;ecef1a4f18a28a7f;1825710f19c2bc2a;f952f6399b22a3b0;3a5819febe2381dd;34a1181cc90db782;4f8d96cbc7384f45;b1b59bdae521c67b;66fce55ce6867a84;410e02cdc9603b76;0e6ae62afbf889f4;4d2994a9e3e0f929;1e5ec466f987c01a;ef23d2cb6b84952f;f3973b8e813f2158;5d83b295d12499fa;202ebe6489d04278;16a0001860e7b31c;75a1e654181379dc;269e8ebd7243df14;69d77f06a92b4152;33e8857b294c07d3;07af4bd2e812df36;541ba08e45951034;4c38daac38a46326;b179288e42842409;92660332fefebdec;7a47e391f74b0ca5,
2026-08-29,2026-10-04T06:17:55Z,backfill,True,28,8fa3a528eccee855;2750a7eef716ec43;0f80e0cd0ca61647;985632554539af0a;963239ec9f6a713d;f7a3e2f1cd51f177;e709da5300788251;d43b96c657ed14e9;7a1dc8d418ce162f;7d6fb3dd2de18575;09fd7763090b756b;0275c54f3220e80a;41838d9b7b8d74e6;764adf259e74487d;96b168799418f8c1;834ccd9f23a96dec;09b1fe7a92c1c6f6;214ccb272a064aea;5e23c8b1fad8c538;fd00572eb23c3991;9633f130ed270e20;7dbddc185eab55d2;4905b0e22c43c0a4;3353b9e6b9fe95a6;6e12e531247c81ad;2a2144aba582e7a5;dc83175c99e541c5;5d8f677b7cd21141,
2026-08-30,2026-10-04T06:17:57Z,backfill,True,41,f5b9bf1e35ac5b2f;f043b80db5aa38fb;d183d168d1a9b8d4;40dd310baa4b6c5f;dea695b4839f9989;fe4d99b9a48684db;166894417407d216;f64266cfd6b370ed;94281c4d01c34b54;0ba4e09145ce1b8b;ab2a3d193521cefd;1fc343594ae4b603;35ec0e3da8b70782;a928edcc444082d6;4230170799cd2a2e;99453d257c33bf21;010d92f99a747544;1b3e9b85d0c4e95b;5ce033c7bff40120;d454af7f88235dfb;94edf45e77339b5a;28284e4c9e799bba;f2d3c92e42c13175;af4230b107cade24;47c642dac7a70547;d1adfe1e5a260e95;ce1a27748a973687;b70d8b4a8efeb71a;22156e92497e5f10;3a6d513df11d39ed;5b9bf3d63d798d07;d1999899e8299a54;6ba60351dc9b64e9;acdd62f918219c8d;b7132a2f0feec563;8aba123ba90448b3;3d5c537bb25d1d46;3705f7cf3b53c5c2;d2886a58a2fdd427;9e125c204c233c3e;2fd9032441983413,
2026-08-31,2026-10-04T06:17:59Z,backfill,True,24,9ba193f22da0a29e;6eb3bcb75b8ecffe;e39294aec4ec9751;0daca08e24177d13;7f357ee0dc686547;6452ddd141422469;28d6b4a606e429a9;8a8cb1190af7a52f;e8db13415cf45298;8bce7fdb1e476308;c1197f960fc0e794;0f45d6157512bedf;0e6febb49ad3d95a;0e9ee4c95feca259;7ffbbd36e6fbbac8;fe63cc7b9f9a723c;fc5ce7371106ce26;12aa7efa326aaa11;1a826006c04f984a;94b2ba7506d81e3a;a23ea9c19b9147a1;3d2f5a3595132665;1db14f5269238325;43cf95e20e48c929,
2026-09-01,2026-10-04T06:18:01Z,backfill,True,21,fd7ce7339f1fc282;a3663673d0ce778c;d3f1985b47b59e50;59c95fe3afa6c2c9;f9de90707fa2e2c7;771cc689708e187b;b1c359b72566a191;45f8d2c4e160d9ca;728b17339be9b4bf;02a8b62f63a575e5;3fde8452b8d64fbb;0020abfd2f4731a2;06ee0a167905f0bd;3a1bcfa819578435;2970a07141419166;aef2effb28eacc4f;2c56b7a679ff1eaf;ad2df5337822dd81;bf3a43890d972335;68f3a5c609a4eb19;563fb6558851d0e5,
2026-09-02,2026-10-04T06:18:03Z,backfill,True,19,32621459457c6ffd;5aa44ba980ec2870;5183a99ab2cf5f27;ae20344f8326b345;80f031b1e120bf24;f30fa76b63c9a982;4880697b4a34dffc;961f61ad31682a43;a31b6c366da01b7f;ebc74c953385e154;f4e5b30162d143db;9f0d7c221918b52d;acf95f6026e5d8ca;a992204f50b56df1;6c3572d9c5624732;ad3cdda95572537f;d0ff7a367ec70e3a;e04684c1114a896d;58be61a895b02c9d,
2026-09-03,2026-10-04T06:18:05Z,backfill,True,20,506a9ab5ff94ba8e;53116801dc5d4d36;ed14ed241277bca8;585484d574503386;fbd657d3ce3f5868;bf661b89ce9ad17a;e7a9c2b01e334a46;58633bc0280b16fd;489318d464b1d06c;ca3b2b3aecc9dd59;0f050dc4bbc80b5c;33f876e6d977fd8f;daef864f0d910594;27a386f4e0d58b5c;d904f69f1b326c07;8a440ece720df3a5;d43813e0c49da5d7;727514d3a32f25e2;f9c777b0298f61e5;c421476105acc16b,
2026-09-04,2026-10-04T06:18:07Z,backfill,True,32,a5155aa05fdd7e71;ca210c753f4cf090;496c8928f89eee70;dda1515d1d280cb0;7b7469c3ae5191e9;da0aee5d0fea6871;65b1d6e1d62fba95;3d861763a59dedfc;671776b448a8e9a4;98e0e1ab8a991047;bef9652adf089837;f53a22694bace902;d65d37b3187017cc;ca8c4b147ab90d57;60572931bade70cb;65d85a48266e4d3d;5b49dd8a4bd5b7c5;b9b85164d24c3264;c486a71da267f34a;304e9721f58bdff0;33bd848907e64d1f;cba196e8c07f88f1;ef94a8b951a65acd;612724f659ee631f;77afa9ae549bd7c3;da346a4e2123f0b3;4c1923b01fcaa7cf;8542656a886f2f51;361bdfcf7cf1bc16;800b98ef594781a1;ee5be254abf874a6;8c2d39b496dba409,
2026-09-05,2026-10-04T06:18:09Z,backfill,True,23,884bd39019aa6da2;5e885a4afa2e8559;349a428d43a98028;9664c13abc047d11;3ce8c8974fe6d879;ebd6e390f7f34365;4336724e7e245a18;f3095e24d1acc534;be4bba9a9eeb9a0e;9c7e09734db7b886;eec30c7f3c08cce0;0bf79415277f1adf;4c12bd9ad389bf63;b5f006494d0ffa1e;35ca6c02e86ea857;4a681645a62c64e0;3e092cd10c27c808;a064e7d3a186cb71;91cc93a93bd276fa;191ba9acc2cab677;55f87218b944c0d9;4c376d244a4db12c;7501bbd156e5cae2,
2026-09-06,2026-10-04T06:18:11Z,backfill,True,35,078017605c15e4a0;f17a1fdf61c5ae72;dee5678efa627f2a;c19c557e98677303;156a8167c06afe2c;f4083e0b6f289b69;7f81281d61282144;1cc6d6194c487d00;05d32ecc1601b72e;46e1ba35d4d639ac;6c84dbc3b6c82df3;dda1770b58625d06;a380415d4a2afe90;6f397adff6a82ee6;392fdc3cf40ec811;4273d47eba42d8d3;14a3f4799b60de74;376901d7e0bcfdb3;69e617faca743a50;369a5e62c8ac22c3;feb86e9005f51c08;b6d0480387b2faa5;e07db170fc59ffd5;e6923c7db8e3eba6;0d4f70b5919628f6;0581913a091fce9d;d1a4744a9f38b724;f1800362106ec635;8abfaef3b15cf73f;efa04c13449abdb5;b9bf3e19c9561778;68b4a222b5777262;890a44f9e53e37ef;37330a95ebbb8bf0;7cfe705540a93f30,
2026-09-07,2026-10-04T06:18:13Z,backfill,True,30,f214b49ea140ea73;010cab0b60b599f1;9cb852db39f3cc05;5103d4e0e167cf1d;7c2422ca6223654d;d274538fb38a6cbf;fb06ed57a4fce528;41e195b4e78dc9a4;7aa2ea591a9453fa;c91cd5ac6e6163a0;a651497c3f0f788b;801f1ec16a4c6979;253adc083c925ea0;3c4987db10d3a462;d598d1e8c5463e55;5c434a38689b5af2;e24ffba3af725038;e87ab3a2bbb6e364;bae5d562c72ddb5f;56e2aed03592ea83;e72644c5873c25ee;749f7e081d55e45d;be947280491d006b;1b63df898f8cbd09;bfdc7ec109db45e1;ba09b5767ff28c39;8d183f3b43dafdc4;49eb8f08a184ab42;ee1f34ad6f0e3310;4cf628248c44907c,
2026-09-08,2026-10-04T06:18:15Z,backfill,True,23,14a45e241c8f9678;4922835806c096ad;bd2a7f1f013a9d28;3cc1f750805efa9f;86adf75821a5318b;7d465ac9127c59f6;67c66bbf15baea1b;cb8bd73b617c2e5b;0de4378448927ed1;0190b5b9bc3e4822;f3c4fb9196f2b228;1d37e21e9f21667f;5be2c7bc4c276444;56bcc9c0865a2583;5562997f94179474;a542102067c72380;d1f87550f01b6b67;6d25ed88ceae7ebe;742484973257cf00;1b9a62f2926c97ff;39a0a0dcfd4c13c9;361b7b2238983993;5c0844cf8d939274,
2026-09-09,2026-10-04T06:18:17Z,backfill,True,18,dcecc7753b0051dd;8ccf6f20db02ac06;cbbbc4c1f992a77e;e0377d5849dfde00;fde6c750a0eb65fa;5843eeba0e1c9fad;a91a71dd818b57b2;805795107b25c1dd;c2cf84d47de25db0;ccf2325665cf3a9d;48f71006c75f1644;9b54b16eb1604f78;9d5eb19c1ab9cefb;f59604f55cf44330;0d90cf24bc52034d;597300c9932052d8;ee5ce3ac18aefa2d;f1b1fcee7bc801b1,
2026-09-10,2026-10-04T06:18:19Z,backfill,True,25,f6b4f84e8caffb7d;6067eb25707a7075;6f4d4b91d7d60763;b54f171ce695fb11;d1829fc0db81f6e4;87ee4cdf9e9553d7;ed9e763ac56766a8;e9eaaf1873522be9;815642f4a39c4a8d;0a3b5c60d6b93095;40aef15ab22351f9;c36d539aea49189e;1d16865e294827c1;2297d3abdf559687;a9b29f9ed9b3b6c7;9f08d5e4fd6e1664;79dcc76b412bbe64;68aaa45f53beb4bc;fb56010940329e5e;53de19eb24cc83c3;a3f2de0a543f8de9;5d7d40d2d3d3cb91;5c59222d3e24644b;ce18c548509c3bc2;20cf570d5e335e94,
2026-09-11,2026-10-04T06:18:21Z,backfill,True,36,77285f2228817dfc;8fab227bf6f97825;ae3bf07b473fbb42;5c23df66b13c73db;bdfbccf37867d3e9;fb4018ccf42053f8;a5d68e6d5c492d37;3d34e662a3b624a3;502642d1db3c0837;e84917b3d3ce12b7;0b080894f8020c13;a2ea38cbf7bb7078;59ad66dcbd2779f8;d9d7abaaac8f03e6;bca819e07c67f922;7144af12269c8250;39b77f9fb4f2831e;0852180be1e3683b;43c674e1f370b6ec;feda9115d2bac8cd;949592a8c805e539;f289ed18eed4b050;a968bbcc7aeb097e;db28d8f8483ac1e1;33f3c71d4e8aeee3;9d106d56f0852715;ec05ce9a0e7c7206;bd6cf08eb9d72e98;aab3024c23fb5ee3;d1fcf6133274d8cb;07b7fd300db4b595;959b063697d3db2e;50e7aaac5be679df;5c0bde5d3971fa4b;febb125983c8953c;3315c53b62f87676,
2026-09-12,2026-10-04T06:18:23Z,backfill,True,26,6181e705d92f8777;a97da5ca130e02bc;78906bd83d312611;b72056b05c82f1c2;515785e4e9e1c36d;f292bfcddf489a7a;09bae10795ccb1aa;40011cca0f47f78e;99fefcc99f19755b;d54cd1072eea539e;553d9ed416b38e17;56cf4fdbb5771ee9;2faa2f666c8b8ebc;504bff8ca1f6b3b1;51a561f1b2cdebe9;3ca760a45a5644df;90bb959f24484319;c0310a98d37f28b9;47cf3fc5e05c318a;a1ae93578f8fae31;9dab8cb77741cf02;bba391af17f25c40;e7117b5c35f252a5;cda8f436b1aba265;c8b9513cb6b400e6;bb0b85e6862e8a2a,
2026-09-13,2026-10-04T06:18:25Z,backfill,True,40,7479a3e839b05b10;e8f72f196386b0e2;6c5122008fee4216;450be117ef4f01be;8f2c5f970c3a8cc8;e139370394f7c21d;35c327eeae50be7b;08a4c590640695fa;917fe45009b0cca8;ecfbf86c6aff9a4f;096d10306b8dfc3d;81e16dc1b5a41420;3c1a27c791a5b48b;75e38ec94df3cfcf;304aa31141846455;dbb60b8a0d2627b8;4ba2977e26e6cd30;b1f68bdd17bce944;181d727b92a9fa0a;7ede03807cc75448;a7608df668745932;4250ff70be2d7093;ab6c9f732d91e299;803fc5edf2a4550a;76c5a6b181678638;fa3627420e63d7e9;316f5608e0ec5cf0;cc4160b6f2d1243c;f7e561ff20099e15;31d0f7d273322d79;1189448ecfd706f6;f62ea9a60e88b8b5;74502103230b89ac;e7475f059b0b1498;be3cb7c3d4cbdf6b;d6906abe8eaf3a23;45e4023286e5e94e;8af63ff4884ea20f;7ac530db9af248ec;8dc35fb96a3fa1ae,
2026-09-14,2026-10-04T06:18:27Z,backfill,True,23,7b7945f9a84a78b3;6f52992a16f65544;ee08b197a21732de;7110dbc6793b4e86;59ddacf660d07f3d;c6f836cacbde4c9f;69d856f0cdaebf6c;58432a74901c7485;f0f258a519b51d78;2d30ea3e8ea0fb1c;ee354100c2c84a09;695869ebc70a3dd4;3663cf4ff0120a92;0c3ed0dc8935ad5d;751cf7c377ce988e;5017b40c1d5870e3;13f910d20528006c;0360ce7f731efb59;9826d30e058e82da;fcd287db9ef4724b;8509b81e437b3925;6c474d9c72a6b063;61a61c4627d2d45f,
2026-09-15,2026-10-04T06:18:29Z,backfill,True,22,220e102c5605ed52;3a7653bb83c0b66a;849b4f679dff96c0;fc5b4db8644b0fbf;5bc99c70eef649f3;83e1a2152904ecf7;8f6be3112cf55571;31c5ceb20ccc2181;53f7e7d47c30e6ce;233495edf6b773b1;9951682cc56fda45;b6c3c4b8cb8e6df1;14df8a557752d4ec;1319b454bcd44186;df430f2a99a7e1c7;7fe643d54bbb5845;9d7974f8c1e2e5f0;d75236478676f18a;0d5509208ec20d0a;8443fdc31ba12a3c;141a2fc4c3af1a10;8f811656ccc1183c,
2026-09-16,2026-10-04T06:18:31Z,backfill,True,27,e1d554a076cf3915;43a7cff2e51a486d;6658ccc093908f53;43c2c6138999bcf2;9443f127dc2d028b;fc133433a6c19c42;e3e69007f34ef00e;c4d007471557d297;a5093c93ee8a1ef7;e79605a56a928644;b01e42098ce8e923;cba3502401a7f2c6;3c096acef5e12abf;bf716f0d49cedc67;028b0b8e23a68ac8;a2f3d4d0fb001bff;7b234c762e0ed545;eea4afbd4e1c3994;735ae4b979f6e021;ece8de90abe989b4;ea7558cdcf826f05;1c6edab03fdf9846;07c96d752ba4df03;ec46b7f7e147dc4e;860384af283c0fc2;0fa0735495ba8d82;4ed9c89378ea34d5,
2026-09-17,2026-10-04T06:18:33Z,backfill,True,21,b19a37290b44dbff;9a3d6bfff5e59a2f;80d7848a1e1489be;0c44ee7b847bc8bc;bd7debdd0cb4f58a;32abb1a114fe9891;f8d6507e64491fe5;1e1cb40ef16bd08d;768517a2ad3f393f;9a08910850eb9311;ff5a28e5e7215d36;78263ed62b0dd802;3d094670b23530fc;50aba3c14d5eef99;e63812a943f583f5;cbf985cff7be432f;a3beb418259e327c;4f37bb36c7e382e7;e089672be883dfac;65b21c1ab88cc911;bace161d896947cc,
2026-09-18,2026-10-04T06:18:35Z,backfill,True,43,d02f04aadd75b02f;5ef2d4e6e3e1ab53;d454e9be73239efd;d9632cb41ebf62c9;084dcd3a79c3b870;8730aa12b454b802;534c884965f9fd1b;96bc67d6f5d9b33f;411ac2a60ab11691;9afd8f88364ac277;2053cd451895e66d;e3c5f0a6a6b1d212;24b964fb5c3ca94f;bb0c59a84f363c48;78ccccc63689a780;22b3a1ba813d5995;d003eed8c295b6ea;a2b29c6ddb9b8d93;c51321ea7a70fcef;8e07d7a4afb738a1;51d3c264445c1610;2a5f8f369539171b;8948b443b3477255;7d0db8ba53bc6159;199aac248d8749c2;2c76ce890b891501;801b7294ef1976d5;aa32bd6d02d85ccd;a3232ff8a73bed42;6886a1e85174f93f;cf1029b30586d10f;6aa1085ca728a776;64fee22c039c9066;1cdadcc25961003f;e83ca6113d17ff9f;d8546031caf2d88b;1a202e857f35a037;e83f2198c8ceab8c;ec2b8ab9f30b54e8;76d2e3e65257ae15;28fe2ca010050345;88faadb21225e853;e1d4ad8ae1a073ad,
2026-09-19,2026-10-04T06:18:37Z,backfill,True,19,9888daf37026fc73;3532ab6bfab929a1;79d1411cb0dc26b4;10af9c280cd401a5;7b95314e8284fde2;2958815a9122b839;1a7beae518b8ee5d;d7029c87a6a35c14;d20f695624c4b210;d82209d7af7178ae;e6c6e0e9316d3ffd;1d74b52ac45b7a00;bd18449c75db7521;f8fbd655048c51e6;489368d81976d7f1;dd94f487c7c0eaad;880c911f621f57c2;ce8f67e2ca481e62;5cb50f6f85756a22,
2026-09-20,2026-10-04T06:18:39Z,backfill,True,36,aacb377a648e2ed9;1197c51295a9ad23;46348cfbe57e0140;a988e4ee53f0a220;9633b1463118549a;5231596e83676889;13dd41466aa31c5a;a2c21dff2bdf8935;9427f32d6d125a1f;8730dc42fd7e18de;6b6ae6b846215cd4;6d5d99bfea5276b8;34fefa43645dd51c;3d37d2027ffaac7c;864e56d2d3f5b64d;e27f73948964cbb9;4f2429aed369ce07;ac985942f66c6f30;aba7aa19c5df2d25;36a5dbb7689c92ec;8d586c690c1258aa;5581dafb535109e8;3f6572cbaa1e60c4;7d5b73ed7968fd56;bd5cebe62683f984;1da493e877d4371e;d6001e8b127ff3b5;e08edca03e84cc59;78431ead515bf673;71a090a4528fcef7;b42e0d0ce95c31cd;03670d0a695cb855;ead7b516fbc6d630;5bab3e2055019bfb;97cb89c9822a87c6;a4a0ad412e32bd03,
2026-09-21,2026-10-04T06:18:41Z,backfill,True,21,0135b4fa4a2bd4f8;1e8cd2e8200fc688;3fa4b19c983bcffc;4bb0a88c1d6297e0;577c533b2b0ed826;d489c212a701a982;49ec651edbbd5e8e;1be73d4fd68643b1;fd6efc98972c8eb3;2b4820964c6a69ad;76fcf0af51c0f5d7;4852f4c1533e847e;b3816616ac7e985c;d3d602d75e9a8dea;f39d44f628bdf266;ca14b804cc8b18c9;1389a32227cca27e;6d9c14904ba02ef7;f30efbce2ffeaae3;17fe3767caee3057;a22569be3c424d0c,
2026-09-22,2026-10-04T06:18:43Z,backfill,True,23,625f8a864d73b5a5;9f20bde76b7170ef;c16cfb7862643969;caaadfc82c2f34b2;b1554a45300b75c2;a74b5f2ceb2a17a4;558d960f9279915e;9da409644777b425;401179d4aacb8ae3;d6f9b35a2e0ffd11;9a1c3c16d49f8726;a003b9f28c836341;24fb8d3b876ba49a;605f3e70d4204d22;405d31aad8eca9e7;42f4a7eef5767708;a3fe7c078e771323;3abc381007f2f86f;370fb5a1c9786148;a90b25709f1357b3;aaac64db22af09ac;a2a88ad866ba0f68;a1284fb1460cc410,
2026-09-23,2026-10-04T06:18:45Z,backfill,True,24,6a05e3b2a89d33af;10a9271d3db3392c;2efa555fd907828d;3a91ccbba87c200d;9cbb09c10512c5a7;d3534186ed291717;bcea0ca6106327fa;2ce200fe19e75fea;d5faabf78d2db2eb;abb304da38d4f866;8d9c41f0a73bec2f;022d8831e6d1b159;6ccac1ba4aead1e5;9cee40e2e49fc5aa;36899876bbbea0c7;6218f05b55f1d841;76724612737b2ddd;cb152b04efb8c30c;a91fefa3112005b3;82b253fb5c042448;53f2dec4f3da6d96;60531b7c8275e46d;1782c18b8d956cd5;8092fa6894e1effa,
2026-09-24,2026-10-04T06:18:47Z,backfill,True,32,f66859382ff22eed;0354dfc92cee7ec8;6d67f8fe7af3a838;c06175bbc172fc4c;ecf4b00e8dfa635c;43ce532391fc1f21;4bbfc2595d035ed6;5fdef64bd848838b;ceb0bd9d1cb900a0;001e349102f4fde5;c5c77b900ce9dfff;b51c84607cd30117;84ad1ed879a64b6b;d453999e13e3350e;1e83af7328eeb31b;21b692d8a30deebd;32895e7966cdfbf0;c4e94f2a654da312;bb79514de1c21023;9bc4243d7817df38;07549c5fb6fe6e05;4415311db8a75288;0a247df3c1cce613;cb432575a380d32f;aaeaf52a762703bc;4f10b2812ce2f1b8;b8ccbc1a357e9296;850382907aac2107;ac3264f720e74215;d8005dd1f3a336d5;ae4da5a259ddf279;de9b0a8df12d16ec,
2026-09-25,2026-10-04T06:18:49Z,backfill,True,33,0c1b098647ff110e;ad3d83f57d2913f6;6dee4e9720e508b7;413f54c4c3962f75;4d4bb48daef0d0fe;ec24739ab856d41d;6e64786c53a86a3a;72afec86f1b4a668;e63c579521f563d0;cc352584bfb155c1;ad773af20e157f5e;62d7f1443648e0f7;5f6e096712721767;5e908b1fbb4a8e95;c1fb890928c99fea;864e673cdccbf719;ab4b3a6beaf07f18;72c3c495856f6d4d;9e0bee61f2e03daf;54c81e8687a7a787;e379cf0f82a0edd3;44d16611576b0413;4cdd90aebe2351d2;cac6cefc7ccce266;3ec87a1b6afff3d1;82edb979161ef53a;1b178bea855f838f;3b4e2b0eaef15bbe;bb35adefeda5296c;5ed1faec42f7c20f;fdf804830f07a1b1;fa8e64e192551c1a;efe79994e1ed9d46,
2026-09-26,2026-10-04T06:18:51Z,backfill,True,29,0015efd39b7e7163;d1d4732d142dfbcd;6dd3e76b7d573809;25f83dc941981d0c;23aacba856d8c8ef;cc1d6594d429905c;a751f22ca5a30281;fa03ba5e96b5f9e2;50248d8796d3be07;335a8bb760c8d119;ba645b90d90ec170;186b4d4324bb2927;a4f9da8f56215247;4d5fb8221dd1bfbe;8877d6c694706eac;165e168d374a267a;d1bd5f61b163eb61;b0a32bf271e372a2;4d9ba2a34ec6c9be;3376ceeef911017a;326d680d4bcc5838;cff00734dcb9a446;ec50094b5d7b2c26;bfc1707dd3c0c176;538b6076fa369776;c69eebfb2cc58bfb;70baf7f0e5a560eb;63f82e39c9e7c470;00083e83f910f5f8,
2026-09-27,2026-10-04T06:18:53Z,backfill,True,37,055293f800c197e6;12602360330b9b81;dad06f28795071cb;262543e095b03232;ed3faa4bbe38d3e4;fa7aab35c77c3ceb;643cf20a1f4e2a73;51a43d21b0cddff8;204e281f683b999a;c4ac63619ec6dfad;8a70989461a89a65;4fa702f18afc33a4;df64f5d5ca192935;20e426a8fbe6e014;ec007aa809adcb89;a83fca2d28b286df;c4b897c8fd67d7a6;c1a7188ac594b987;cc5aaf1e1982a4f9;895d802b7cf03f22;235a1415608d396f;3e2883ca5e8a4f2f;81346a5380cf5cab;e19d29a564d08b3a;a3167d524bbe0307;7b7f017b7db96a88;ec9657f853116725;0ae3521d29004fb0;7a94638e9993ddcb;40a3154e36a95fec;8c28afa922bb1114;452112e0fd7e7229;66ae4ebea09842c9;3fab730189a42a72;330ef3e498ea8eeb;1676cc9ab358c63c;af89fcefa9e0cc83,
2026-09-28,2026-10-04T06:18:55Z,backfill,True,24,ac3d9a6aa124b57f;ad325061d73f4597;6d1f06305dfb2984;955c3763ed8a28ae;9ec779ec30b39c77;400aae29c4a5a514;b55b977a57806193;67ef33a0532c2da6;85161364cd1ac38a;db0578343b822059;ef87dc2a1459d84f;4708f6490cd076ef;31ab5b1c9e0cd370;2d9b1d2cae68cee5;cce0733805d9cb15;f26afb2c911fd639;9c949c6d02246572;2d5df08fc46991bd;a6b4045aabcebf54;8d4a51c15195f8a8;23660a2861583e90;9167997bc2770cff;abf3d81381380368;2a7ae30b9c25ab51,
2026-09-29,2026-10-04T06:18:57Z,backfill,True,23,606f8766f4899007;4f98c31bb54e95e2;139f647484f64b92;ca49286e3923c04c;93fb193b701b12ec;e1cafb3d997be0d7;f6a482c80f39a505;d121704953580a4c;d8d676c957de7eaa;0fa0f92bebc49a1b;7f6a2c9b9d9df4e5;f6d57aba447010db;b6cc70fc1c840499;6c92984b97d1f37c;cda5b370adec9da3;41e13ce7ddf9951f;5173ea20a79c8a72;1f47a644fa27a353;0ebb081fbfbb050e;e5d74802705b0597;3f766d7da48d497d;e08d799641cf35ba;9e5829c64b2df207,
2026-09-30,2026-10-04T06:18:59Z,backfill,True,23,724b0179729df700;086aee8fcb16db1e;b6d741040c59714b;ae43c67679a8b1c0;dae25b0cd55f70e8;70caebbc42bf9455;2cb1af5ecf5f683c;aac23c5456fcacca;35073197af4275a5;a4a1ed46a95905bb;e66fbe149cb455e8;6d156c60a3323d7e;9b9a955a6a3a41fc;1f1aa49c0dba7495;11ceba33a24f0005;fd498db52eb800a4;79c752b74231cd9e;41b22480e4bb7d8d;9d4a5f71354e00d9;e0ec76649e4dbe84;17079898d0c2cd4c;54c3c75d616913b2;035433f06d27f211,
2026-10-01,2026-10-04T06:19:01Z,backfill,True,16,4e271bbecfc89476;3f8208eaceb92846;9995f222bf6118be;d5c6ccaf1afe7c02;3391fb55ca55a55d;aefd80b8ab96374e;3748bb81c94b1c60;cc972bded6d8f8f7;a02660403d93e4aa;dadda1792f95b712;82bb89201ef00c15;05666397489d7f3c;f354f6722c3a5ab0;75cc16ed4b1793a9;ac0b3970001e2fe8;fb7bada0d60e75ba,
2026-10-02,2026-10-04T06:19:03Z,backfill,True,25,3e51b2934d844232;fdac04a068f8db31;b3fe02e41cb1cd60;f145f8a138586e9d;9844c98acbeffd8a;b51bfcc98d8fbd19;c909d7cf66c16b9a;c1fd860607cfbbac;ff3f90b9a83598ec;54a1bf27ac770cac;3db26985802a927d;d02a86ff14f68d27;d9d1a9173de16960;ffdae542f8ecb373;da03fc49fd83c2de;51f03ae368241e93;67d9886d64d39eb0;6a9f8a5828587f78;10186ca1ea566694;90a178bc7237dc24;36cea1573f803c14;488923918fa5d8da;57416724df07ef58;ab35fb63cdf352da;4ad450921a75bc29,
2026-10-03,2026-10-04T06:19:05Z,backfill,True,23,cbc467b38483775c;ec5da3029f3c6bfd;6dd1cb0b14201a11;c3c7aa3504d57dfb;0411bbf9feb92edb;67ccb81ce9b7f62f;9d0dd260b4eb6e4c;0bd950b1a291b7e1;847e7b7c346bddfd;e2af5965925dc5ef;5c9f354cd984faf8;c0c2ab862a1aaea5;ff37ea451025bd77;cac122e5279e03cf;172431f8bf16478b;a1515dfc564cae9b;cf3ceb089c8aa217;623663c6d873b619;664430c82af037a3;bd6bab5384a2ed49;7ffb32dc0b58b16e;071ac5b01f66211d;3b1e95260cb2062b,
2026-10-01,2026-10-04T07:40:34Z,daily_refresh,True,16,4e271bbecfc89476;3f8208eaceb92846;9995f222bf6118be;d5c6ccaf1afe7c02;3391fb55ca55a55d;aefd80b8ab96374e;3748bb81c94b1c60;cc972bded6d8f8f7;a02660403d93e4aa;dadda1792f95b712;82bb89201ef00c15;05666397489d7f3c;f354f6722c3a5ab0;75cc16ed4b1793a9;ac0b3970001e2fe8;fb7bada0d60e75ba,
2026-10-02,2026-10-04T07:40:35Z,daily_refresh,True,25,3e51b2934d844232;fdac04a068f8db31;b3fe02e41cb1cd60;f145f8a138586e9d;9844c98acbeffd8a;b51bfcc98d8fbd19;c909d7cf66c16b9a;c1fd860607cfbbac;ff3f90b9a83598ec;54a1bf27ac770cac;3db26985802a927d;d02a86ff14f68d27;d9d1a9173de16960;ffdae542f8ecb373;da03fc49fd83c2de;51f03ae368241e93;67d9886d64d39eb0;6a9f8a5828587f78;10186ca1ea566694;90a178bc7237dc24;36cea1573f803c14;488923918fa5d8da;57416724df07ef58;ab35fb63cdf352da;4ad450921a75bc29,
2026-10-03,2026-10-04T07:40:37Z,daily_refresh,True,23,cbc467b38483775c;ec5da3029f3c6bfd;6dd1cb0b14201a11;c3c7aa3504d57dfb;0411bbf9feb92edb;67ccb81ce9b7f62f;9d0dd260b4eb6e4c;0bd950b1a291b7e1;847e7b7c346bddfd;e2af5965925dc5ef;5c9f354cd984faf8;c0c2ab862a1aaea5;ff37ea451025bd77;cac122e5279e03cf;172431f8bf16478b;a1515dfc564cae9b;cf3ceb089c8aa217;623663c6d873b619;664430c82af037a3;bd6bab5384a2ed49;7ffb32dc0b58b16e;071ac5b01f66211d;3b1e95260cb2062b,
2026-10-04,2026-10-04T07:40:38Z,daily_refresh,False,0,,ValueError: requested 2026-10-04 but page reported 2026-10-03
