date,species_id,kept,released,anglers,angler_days,trips,cpue,cpue_per_angler_day
2026-08-15,bluefin_tuna,1,0,21,52.5,1,0.047619047619047616,0.01904761904761905
2026-08-15,bonito,41,0,250,165.0,7,0.164,0.24848484848484848
2026-08-15,calico_bass,41,50,163,81.5,3,0.25153374233128833,0.5030674846625767
2026-08-15,dorado,20,0,143,236.5,8,0.13986013986013987,0.08456659619450317
2026-08-15,rockfish,320,0,306,226.5,8,1.0457516339869282,1.4128035320088301
2026-08-15,sand_bass,25,0,198,99.0,4,0.12626262626262627,0.25252525252525254
2026-08-15,sheephead,21,0,158,79.0,3,0.13291139240506328,0.26582278481012656
2026-08-15,white_seabass,1,0,55,27.5,1,0.01818181818181818,0.03636363636363636
2026-08-15,yellowfin_tuna,345,0,267,288.0,11,1.2921348314606742,1.1979166666666667
2026-08-15,yellowtail,319,0,190,266.5,9,1.6789473684210525,1.1969981238273921
2026-08-16,barracuda,13,0,78,51.0,2,0.16666666666666666,0.2549019607843137
2026-08-16,bonito,62,0,251,155.0,6,0.24701195219123506,0.4
2026-08-16,calico_bass,167,225,471,329.5,12,0.35456475583864117,0.5068285280728376
2026-08-16,dorado,100,0,269,441.0,12,0.37174721189591076,0.22675736961451248
2026-08-16,rockfish,506,0,405,244.0,10,1.2493827160493827,2.0737704918032787
2026-08-16,sand_bass,31,20,226,121.5,5,0.13716814159292035,0.2551440329218107
2026-08-16,sheephead,38,0,293,167.0,7,0.1296928327645051,0.2275449101796407
2026-08-16,white_seabass,1,0,26,52.0,1,0.038461538461538464,0.019230769230769232
2026-08-16,yellowfin_tuna,147,0,217,289.0,9,0.6774193548387096,0.5086505190311419
2026-08-16,yellowtail,641,0,361,486.5,14,1.7756232686980609,1.3175745118191162
2026-08-17,barracuda,3,0,37,22.5,2,0.08108108108108109,0.13333333333333333
2026-08-17,bluefin_tuna,1,0,17,34.0,1,0.058823529411764705,0.029411764705882353
2026-08-17,bonito,71,0,153,84.75,6,0.46405228758169936,0.8377581120943953
2026-08-17,calico_bass,57,136,186,105.25,8,0.3064516129032258,0.5415676959619953
2026-08-17,california_halibut,3,0,34,78.0,2,0.08823529411764706,0.038461538461538464
2026-08-17,dorado,213,0,175,441.5,8,1.217142857142857,0.4824462061155153
2026-08-17,rockfish,239,65,224,124.25,9,1.0669642857142858,1.9235412474849094
2026-08-17,sand_bass,5,1,111,67.75,4,0.04504504504504504,0.07380073800738007
2026-08-17,sheephead,50,0,147,81.75,6,0.3401360544217687,0.6116207951070336
2026-08-17,yellowfin_tuna,91,0,189,314.0,7,0.48148148148148145,0.2898089171974522
2026-08-17,yellowtail,1258,0,258,516.5,13,4.875968992248062,2.4356243949661183
2026-08-18,barracuda,4,0,46,28.75,2,0.08695652173913043,0.1391304347826087
2026-08-18,bluefin_tuna,7,0,49,83.0,2,0.14285714285714285,0.08433734939759036
2026-08-18,bonito,74,0,144,107.75,8,0.5138888888888888,0.6867749419953596
2026-08-18,calico_bass,43,65,101,56.25,6,0.42574257425742573,0.7644444444444445
2026-08-18,california_halibut,2,0,13,6.5,1,0.15384615384615385,0.3076923076923077
2026-08-18,dorado,22,0,147,256.0,6,0.14965986394557823,0.0859375
2026-08-18,rockfish,194,0,174,122.75,9,1.1149425287356323,1.580448065173116
2026-08-18,sand_bass,54,0,186,114.25,10,0.2903225806451613,0.4726477024070022
2026-08-18,sheephead,24,0,133,109.75,7,0.18045112781954886,0.21867881548974943
2026-08-18,yellowfin_tuna,165,0,126,153.0,4,1.3095238095238095,1.0784313725490196
2026-08-18,yellowtail,523,0,183,249.0,8,2.8579234972677594,2.1004016064257027
2026-08-19,barracuda,7,0,60,30.0,3,0.11666666666666667,0.23333333333333334
2026-08-19,bonito,20,0,120,105.0,6,0.16666666666666666,0.19047619047619047
2026-08-19,calico_bass,18,0,128,64.0,5,0.140625,0.28125
2026-08-19,california_halibut,3,0,53,43.5,3,0.05660377358490566,0.06896551724137931
2026-08-19,dorado,45,0,54,62.5,2,0.8333333333333334,0.72
2026-08-19,rockfish,191,0,156,78.0,7,1.2243589743589745,2.448717948717949
2026-08-19,sand_bass,147,80,148,112.5,6,0.9932432432432432,1.3066666666666666
2026-08-19,sheephead,22,0,112,56.0,6,0.19642857142857142,0.39285714285714285
2026-08-19,yellowfin_tuna,138,0,124,132.5,5,1.1129032258064515,1.0415094339622641
2026-08-19,yellowtail,444,0,219,288.5,11,2.0273972602739727,1.5389948006932408
2026-08-20,barracuda,118,0,85,48.5,3,1.388235294117647,2.4329896907216493
2026-08-20,bluefin_tuna,2,0,15,37.5,1,0.13333333333333333,0.05333333333333334
2026-08-20,bonito,512,0,262,176.0,10,1.9541984732824427,2.909090909090909
2026-08-20,calico_bass,43,50,150,141.0,6,0.2866666666666667,0.3049645390070922
2026-08-20,california_halibut,1,0,29,29.0,1,0.034482758620689655,0.034482758620689655
2026-08-20,dorado,39,0,156,290.0,6,0.25,0.13448275862068965
2026-08-20,rockfish,272,0,178,125.0,9,1.5280898876404494,2.176
2026-08-20,sand_bass,14,0,108,54.0,5,0.12962962962962962,0.25925925925925924
2026-08-20,sheephead,22,0,184,96.5,8,0.11956521739130435,0.22797927461139897
2026-08-20,white_seabass,1,0,24,72.0,1,0.041666666666666664,0.013888888888888888
2026-08-20,yellowfin_tuna,89,0,188,368.5,8,0.4734042553191489,0.24151967435549526
2026-08-20,yellowtail,684,0,285,428.0,13,2.4,1.5981308411214954
2026-08-21,barracuda,1,0,34,17.0,1,0.029411764705882353,0.058823529411764705
2026-08-21,bluefin_tuna,22,0,100,185.0,6,0.22,0.11891891891891893
2026-08-21,bonito,235,0,264,185.0,13,0.8901515151515151,1.2702702702702702
2026-08-21,calico_bass,107,0,189,102.5,7,0.5661375661375662,1.0439024390243903
2026-08-21,california_halibut,4,0,16,16.0,2,0.25,0.25
2026-08-21,dorado,152,0,156,201.5,7,0.9743589743589743,0.7543424317617866
2026-08-21,rockfish,309,0,224,120.0,9,1.3794642857142858,2.575
2026-08-21,sand_bass,56,0,136,81.0,6,0.4117647058823529,0.691358024691358
2026-08-21,sheephead,27,0,185,121.5,7,0.14594594594594595,0.2222222222222222
2026-08-21,white_seabass,1,0,21,31.5,1,0.047619047619047616,0.031746031746031744
2026-08-21,yellowfin_tuna,143,0,184,232.0,9,0.7771739130434783,0.6163793103448276
2026-08-21,yellowtail,607,0,385,462.5,20,1.5766233766233766,1.3124324324324323
2026-08-22,barracuda,2,0,38,19.0,1,0.05263157894736842,0.10526315789473684
2026-08-22,bluefin_tuna,9,0,24,36.0,1,0.375,0.25
2026-08-22,bonito,95,0,357,217.5,9,0.2661064425770308,0.4367816091954023
2026-08-22,calico_bass,89,158,298,161.5,7,0.2986577181208054,0.5510835913312694
2026-08-22,california_halibut,6,0,93,74.0,3,0.06451612903225806,0.08108108108108109
2026-08-22,dorado,38,0,71,71.0,3,0.5352112676056338,0.5352112676056338
2026-08-22,rockfish,132,0,260,130.0,6,0.5076923076923077,1.0153846153846153
2026-08-22,sand_bass,96,0,292,173.5,7,0.3287671232876712,0.553314121037464
2026-08-22,sheephead,19,0,263,131.5,5,0.07224334600760456,0.1444866920152091
2026-08-22,white_seabass,2,0,55,40.0,2,0.03636363636363636,0.05
2026-08-22,yellowfin_tuna,536,0,113,113.0,5,4.743362831858407,4.743362831858407
2026-08-22,yellowtail,289,0,318,253.5,10,0.9088050314465409,1.1400394477317555
2026-08-23,bluefin_tuna,440,0,332,798.5,16,1.3253012048192772,0.5510331872260489
2026-08-23,bonito,126,0,374,320.0,10,0.33689839572192515,0.39375
2026-08-23,calico_bass,45,158,251,133.5,6,0.17928286852589642,0.33707865168539325
2026-08-23,california_halibut,3,0,45,37.5,2,0.06666666666666667,0.08
2026-08-23,dorado,136,0,439,875.0,19,0.3097949886104784,0.15542857142857142
2026-08-23,rockfish,429,5,372,277.0,9,1.153225806451613,1.5487364620938628
2026-08-23,sand_bass,82,0,236,118.0,6,0.3474576271186441,0.6949152542372882
2026-08-23,sheephead,18,0,192,96.0,4,0.09375,0.1875
2026-08-23,yellowfin_tuna,551,0,325,567.0,14,1.6953846153846155,0.9717813051146384
2026-08-23,yellowtail,1135,0,728,1283.0,31,1.559065934065934,0.8846453624318005
2026-08-24,barracuda,5,0,27,13.5,2,0.18518518518518517,0.37037037037037035
2026-08-24,bluefin_tuna,12,0,29,92.5,2,0.41379310344827586,0.12972972972972974
2026-08-24,bonito,32,0,108,78.75,6,0.2962962962962963,0.40634920634920635
2026-08-24,calico_bass,79,85,117,94.25,7,0.6752136752136753,0.8381962864721485
2026-08-24,dorado,37,0,123,150.5,5,0.3008130081300813,0.24584717607973422
2026-08-24,rockfish,49,0,75,37.5,4,0.6533333333333333,1.3066666666666666
2026-08-24,sand_bass,31,0,106,68.5,5,0.29245283018867924,0.45255474452554745
2026-08-24,sheephead,12,0,67,33.5,3,0.1791044776119403,0.3582089552238806
2026-08-24,white_seabass,1,0,20,10.0,1,0.05,0.1
2026-08-24,yellowfin_tuna,526,0,162,189.5,7,3.246913580246914,2.7757255936675462
2026-08-24,yellowtail,378,0,252,309.75,12,1.5,1.2203389830508475
2026-08-25,bluefin_tuna,242,0,172,345.5,10,1.4069767441860466,0.7004341534008683
2026-08-25,bonito,194,0,222,212.25,9,0.8738738738738738,0.9140164899882215
2026-08-25,calico_bass,42,60,64,32.0,5,0.65625,1.3125
2026-08-25,california_halibut,2,0,18,18.0,1,0.1111111111111111,0.1111111111111111
2026-08-25,dorado,24,0,177,272.5,9,0.13559322033898305,0.08807339449541285
2026-08-25,rockfish,140,0,61,59.5,4,2.2950819672131146,2.3529411764705883
2026-08-25,sand_bass,62,0,164,151.25,9,0.3780487804878049,0.4099173553719008
2026-08-25,sheephead,23,0,89,73.5,5,0.25842696629213485,0.3129251700680272
2026-08-25,yellowfin_tuna,353,0,145,217.0,6,2.43448275862069,1.6267281105990783
2026-08-25,yellowtail,853,0,453,611.25,22,1.8830022075055188,1.3955010224948876
2026-08-26,barracuda,11,0,50,25.0,2,0.22,0.44
2026-08-26,bluefin_tuna,456,0,123,325.5,6,3.707317073170732,1.400921658986175
2026-08-26,bonito,631,0,233,167.25,11,2.708154506437768,3.772795216741405
2026-08-26,calico_bass,46,0,149,93.75,6,0.3087248322147651,0.49066666666666664
2026-08-26,dorado,57,0,181,341.5,8,0.3149171270718232,0.16691068814055637
2026-08-26,rockfish,119,0,79,73.0,4,1.5063291139240507,1.63013698630137
2026-08-26,sand_bass,13,0,78,43.25,4,0.16666666666666666,0.30057803468208094
2026-08-26,sheephead,2,0,40,35.0,2,0.05,0.05714285714285714
2026-08-26,white_seabass,1,0,30,30.0,1,0.03333333333333333,0.03333333333333333
2026-08-26,yellowfin_tuna,379,0,138,204.5,6,2.746376811594203,1.8533007334963325
2026-08-26,yellowtail,425,0,380,505.25,18,1.118421052631579,0.8411677387431964
2026-08-27,barracuda,4,0,41,32.5,2,0.0975609756097561,0.12307692307692308
2026-08-27,bluefin_tuna,449,0,155,331.0,8,2.8967741935483873,1.3564954682779455
2026-08-27,bonito,546,0,250,203.0,11,2.184,2.689655172413793
2026-08-27,calico_bass,56,0,107,76.0,5,0.5233644859813084,0.7368421052631579
2026-08-27,dorado,208,0,217,365.0,11,0.9585253456221198,0.5698630136986301
2026-08-27,rockfish,101,0,30,15.0,2,3.3666666666666667,6.733333333333333
2026-08-27,sand_bass,14,0,87,68.0,4,0.16091954022988506,0.20588235294117646
2026-08-27,yellowfin_tuna,198,0,194,295.5,9,1.0206185567010309,0.6700507614213198
2026-08-27,yellowtail,522,0,384,514.5,18,1.359375,1.0145772594752187
2026-10-03,barracuda,81,0,200,108.0,5,0.405,0.75
2026-10-03,bluefin_tuna,8,0,27,77.0,2,0.2962962962962963,0.1038961038961039
2026-10-03,bonito,123,0,162,97.0,5,0.7592592592592593,1.268041237113402
2026-10-03,calico_bass,128,290,258,145.0,7,0.49612403100775193,0.8827586206896552
2026-10-03,dorado,34,0,145,145.0,5,0.23448275862068965,0.23448275862068965
2026-10-03,sand_bass,172,0,347,189.5,8,0.4956772334293948,0.9076517150395779
2026-10-03,sheephead,24,0,293,162.5,7,0.08191126279863481,0.1476923076923077
2026-10-03,white_seabass,2,0,64,48.0,2,0.03125,0.041666666666666664
2026-10-03,yellowfin_tuna,661,0,237,316.5,11,2.789029535864979,2.088467614533965
2026-10-03,yellowtail,201,0,416,385.0,15,0.4831730769230769,0.522077922077922
2026-10-05,bluefin_tuna,41,0,43,129.0,2,0.9534883720930233,0.3178294573643411
2026-10-05,bonito,88,0,92,53.5,3,0.9565217391304348,1.644859813084112
2026-10-05,calico_bass,60,200,77,38.5,2,0.7792207792207793,1.5584415584415585
2026-10-05,dorado,16,0,42,42.0,2,0.38095238095238093,0.38095238095238093
2026-10-05,rockfish,108,0,18,54.0,1,6.0,2.0
2026-10-05,sand_bass,5,0,54,27.0,1,0.09259259259259259,0.18518518518518517
2026-10-05,sheephead,6,0,54,27.0,1,0.1111111111111111,0.2222222222222222
2026-10-05,yellowfin_tuna,178,0,107,226.0,5,1.6635514018691588,0.7876106194690266
2026-10-05,yellowtail,74,0,159,189.5,6,0.46540880503144655,0.39050131926121373
2026-10-06,barracuda,58,0,85,49.5,3,0.6823529411764706,1.1717171717171717
2026-10-06,bluefin_tuna,37,0,76,172.0,4,0.4868421052631579,0.21511627906976744
2026-10-06,bonito,114,0,121,76.5,6,0.9421487603305785,1.4901960784313726
2026-10-06,calico_bass,178,150,192,112.0,8,0.9270833333333334,1.5892857142857142
2026-10-06,california_halibut,2,0,10,10.0,1,0.2,0.2
2026-10-06,dorado,33,0,91,117.0,4,0.3626373626373626,0.28205128205128205
2026-10-06,rockfish,50,0,20,60.0,1,2.5,0.8333333333333334
2026-10-06,sand_bass,69,15,165,94.5,6,0.41818181818181815,0.7301587301587301
2026-10-06,sheephead,32,0,98,53.0,4,0.32653061224489793,0.6037735849056604
2026-10-06,yellowfin_tuna,414,0,236,373.0,11,1.7542372881355932,1.1099195710455765
2026-10-06,yellowtail,116,0,336,395.5,16,0.34523809523809523,0.29329962073324906
