species_id,species,group,temp_reference,sst_min_f,sst_opt_lo_f,sst_opt_hi_f,sst_max_f,anomaly_pref,tide_pref,moon_pref,swell_tolerance_ft,depth_min_ft,depth_max_ft,zones,season_index_monthly,weights_json,notes,sources
california_halibut,California Halibut,flatfish,surface,52,58,68,74,-0.3,strong_moving,spring_tide,5.0,5,120,"sd_bay,mission_bay,surf_zone,pt_loma_kelp,la_jolla","0.35,0.45,0.7,0.9,1.0,0.95,0.85,0.75,0.65,0.5,0.4,0.35","{""sst"": 0.28, ""season"": 0.2, ""tide"": 0.24, ""moon"": 0.05, ""pressure"": 0.08, ""swell"": 0.1, ""front"": 0.0, ""chl"": 0.05}",Drift the sand-to-structure edge on moving water. Spring spawn peak Apr-Jun.,https://www.sandiegofishreports.com/species/california_halibut.php ; https://escholarship.org/uc/item/9zg2b5nf
calico_bass,Calico Bass (Kelp Bass),bass,surface,56,63,74,80,0.2,moving,any,6.0,10,120,"pt_loma_kelp,la_jolla,coronados,surf_zone","0.4,0.4,0.5,0.65,0.85,1.0,1.0,0.95,0.9,0.7,0.5,0.4","{""sst"": 0.26, ""season"": 0.22, ""tide"": 0.16, ""moon"": 0.06, ""pressure"": 0.08, ""swell"": 0.14, ""front"": 0.0, ""chl"": 0.08}",Aggression climbs as kelp-line water passes 68F; spawning aggregations Jun-Aug.,https://nrm.dfg.ca.gov/FileHandler.ashx?DocumentID=34394 ; https://www.usharbors.com/fishing/california-calico-bass-kelp-fishing-guide/
sand_bass,Barred Sand Bass,bass,surface,58,65,74,80,0.3,moving,any,6.0,30,150,"sd_bay,mission_bay,surf_zone,pt_loma_kelp","0.25,0.25,0.35,0.5,0.8,1.0,1.0,0.9,0.7,0.5,0.3,0.25","{""sst"": 0.3, ""season"": 0.24, ""tide"": 0.16, ""moon"": 0.06, ""pressure"": 0.08, ""swell"": 0.1, ""front"": 0.0, ""chl"": 0.06}",Summer spawning aggregations over open sand flats in 60-120 ft.,https://wildlife.ca.gov/Conservation/Marine/Life-History
spotted_bay_bass,Spotted Bay Bass,bass,surface,56,62,76,84,0.3,strong_moving,spring_tide,12.0,4,40,"sd_bay,mission_bay","0.5,0.55,0.7,0.85,0.95,1.0,1.0,1.0,0.95,0.8,0.6,0.5","{""sst"": 0.2, ""season"": 0.14, ""tide"": 0.34, ""moon"": 0.06, ""pressure"": 0.08, ""swell"": 0.04, ""front"": 0.0, ""chl"": 0.14}",Bay resident; bite is tide-driven far more than temperature-driven.,https://wildlife.ca.gov/Conservation/Marine/Life-History
corbina,California Corbina,surf,surface,60,66,74,80,0.4,high_pushing,any,3.5,1,10,surf_zone,"0.2,0.2,0.3,0.5,0.75,0.95,1.0,1.0,0.9,0.6,0.35,0.25","{""sst"": 0.28, ""season"": 0.22, ""tide"": 0.24, ""moon"": 0.04, ""pressure"": 0.04, ""swell"": 0.14, ""front"": 0.0, ""chl"": 0.04}","Sight-fish the wash on a pushing tide with clean, warm water.",https://wildlife.ca.gov/Conservation/Marine/Life-History
barred_surfperch,Barred Surfperch,surf,surface,50,55,66,72,-0.5,moving,any,5.0,1,12,surf_zone,"0.9,1.0,1.0,0.9,0.7,0.5,0.4,0.4,0.45,0.6,0.8,0.9","{""sst"": 0.22, ""season"": 0.24, ""tide"": 0.2, ""moon"": 0.04, ""pressure"": 0.06, ""swell"": 0.2, ""front"": 0.0, ""chl"": 0.04}",Cool-water winter/spring surf target; moderate wave energy stirs sand crabs.,https://wildlife.ca.gov/Conservation/Marine/Life-History
rockfish,Rockfish Complex,groundfish,bottom,48,52,64,72,-0.4,moderate,any,6.5,120,400,"pt_loma_kelp,la_jolla,nine_mile,coronados,outer_banks,cortez_tanner","0.5,0.55,0.65,0.85,0.95,1.0,1.0,0.95,0.9,0.85,0.7,0.55","{""sst"": 0.14, ""season"": 0.16, ""tide"": 0.16, ""moon"": 0.02, ""pressure"": 0.08, ""swell"": 0.34, ""front"": 0.0, ""chl"": 0.1}",Deep-water bite is mostly access-limited: swell and wind govern whether you can hold bottom.,https://wildlife.ca.gov/Conservation/Marine/Groundfish
sheephead,California Sheephead,groundfish,bottom,54,58,70,76,0.0,moving,any,6.0,30,180,"pt_loma_kelp,la_jolla,coronados,outer_banks","0.55,0.6,0.7,0.8,0.9,1.0,1.0,1.0,0.95,0.85,0.7,0.6","{""sst"": 0.18, ""season"": 0.16, ""tide"": 0.2, ""moon"": 0.02, ""pressure"": 0.08, ""swell"": 0.28, ""front"": 0.0, ""chl"": 0.08}",Hard-bottom reef feeder; best on clean water with current over the rocks.,https://wildlife.ca.gov/Conservation/Marine/Life-History
barracuda,California Barracuda,pelagic_inshore,surface,58,63,72,78,0.3,moving,any,6.0,10,120,"pt_loma_kelp,la_jolla,coronados,nine_mile","0.3,0.35,0.5,0.75,0.95,1.0,0.95,0.9,0.85,0.6,0.4,0.3","{""sst"": 0.3, ""season"": 0.2, ""tide"": 0.14, ""moon"": 0.04, ""pressure"": 0.06, ""swell"": 0.12, ""front"": 0.06, ""chl"": 0.08}",Follows bait up the kelp line as spring water warms past 63F.,https://wildlife.ca.gov/Conservation/Marine/Life-History
bonito,Pacific Bonito,pelagic_inshore,surface,60,65,74,80,0.5,any,any,7.0,5,300,"pt_loma_kelp,la_jolla,nine_mile,coronados,outer_banks","0.25,0.25,0.35,0.55,0.8,0.95,1.0,1.0,0.95,0.75,0.45,0.3","{""sst"": 0.3, ""season"": 0.18, ""tide"": 0.1, ""moon"": 0.02, ""pressure"": 0.06, ""swell"": 0.14, ""front"": 0.1, ""chl"": 0.1}",Warm-water schooling pelagic; keyed to bait and surface temperature breaks.,https://wildlife.ca.gov/Conservation/Marine/Pelagic-Fisheries
yellowtail,California Yellowtail,pelagic,surface,59,64,72,78,0.5,moving,any,7.0,20,300,"pt_loma_kelp,la_jolla,coronados,nine_mile,outer_banks,cortez_tanner","0.35,0.4,0.55,0.8,0.95,1.0,1.0,0.95,0.9,0.75,0.5,0.4","{""sst"": 0.28, ""season"": 0.18, ""tide"": 0.14, ""moon"": 0.06, ""pressure"": 0.06, ""swell"": 0.12, ""front"": 0.1, ""chl"": 0.06}",Prime bite window 62-70F; grade improves when warm water pushes onto the Coronados and banks.,https://wildlife.ca.gov/Conservation/Marine/Pelagic-Fisheries ; https://www.tidesandtails.net/species/california-yellowtail/
white_seabass,White Seabass,pelagic,surface,54,58,67,73,-0.2,grey_light_moving,post_new_moon,6.0,25,180,"la_jolla,pt_loma_kelp,coronados,outer_banks","0.55,0.7,0.9,1.0,1.0,0.95,0.7,0.6,0.55,0.5,0.5,0.5","{""sst"": 0.22, ""season"": 0.2, ""tide"": 0.16, ""moon"": 0.16, ""pressure"": 0.06, ""swell"": 0.12, ""front"": 0.02, ""chl"": 0.06}","Spawning documented at 15-18C, mostly on nights following the new moon; squid presence dominates the local bite.",https://pier.org/wp-content/uploads/2016/05/Aalbers-2008-WSB-spawning.pdf ; https://opc.ca.gov/webmaster/ftp/pdf/impact_of_climate_change/White_Seabass.pdf
bluefin_tuna,Pacific Bluefin Tuna,tuna,surface,58,62,71,76,0.4,any,dark_or_full_night,7.0,100,3000,"nine_mile,outer_banks,cortez_tanner,coronados","0.35,0.35,0.45,0.65,0.85,1.0,1.0,1.0,0.95,0.8,0.6,0.45","{""sst"": 0.2, ""season"": 0.14, ""tide"": 0.04, ""moon"": 0.1, ""pressure"": 0.04, ""swell"": 0.16, ""front"": 0.22, ""chl"": 0.1}","Front-driven fishery: temperature breaks, bait meter marks, and paddies matter more than absolute SST. Rarely caught above ~23C.",https://www.satfish.com/species/pacific-bluefin-tuna/ ; https://pmc.ncbi.nlm.nih.gov/articles/PMC10112794/
yellowfin_tuna,Yellowfin Tuna,tuna,surface,66,70,79,85,0.9,any,any,7.0,100,3000,"outer_banks,nine_mile,cortez_tanner,coronados","0.1,0.1,0.1,0.2,0.35,0.55,0.8,1.0,1.0,0.85,0.5,0.25","{""sst"": 0.32, ""season"": 0.16, ""tide"": 0.02, ""moon"": 0.06, ""pressure"": 0.04, ""swell"": 0.14, ""front"": 0.16, ""chl"": 0.1}",Needs warm-water intrusion; strongly favored in El Nino / warm-anomaly regimes.,https://wildlife.ca.gov/Conservation/Marine/Pelagic-Fisheries/Catch
dorado,Dorado (Mahi-Mahi),tuna,surface,68,72,82,88,1.1,any,any,7.0,0,500,"outer_banks,nine_mile,coronados,cortez_tanner","0.05,0.05,0.05,0.1,0.2,0.35,0.6,0.95,1.0,0.8,0.35,0.1","{""sst"": 0.36, ""season"": 0.16, ""tide"": 0.02, ""moon"": 0.04, ""pressure"": 0.04, ""swell"": 0.12, ""front"": 0.14, ""chl"": 0.12}",Kelp-paddy species tied to warm-water years; near-absent in strong La Nina regimes.,https://wildlife.ca.gov/Conservation/Marine/Pelagic-Fisheries/Catch
