zone_id,month,simple_regime,mean_anom_f,sd_anom_f,n_days
coronados,1,El Nino,0.5090322956931645,1.0371391697167214,155
coronados,1,La Nina,-0.3512370591455451,1.3402294315396293,124
coronados,1,Neutral,-0.30689028495199683,2.196724304770086,93
coronados,2,El Nino,0.7233705141710335,1.6190139820558522,143
coronados,2,La Nina,-0.37341701338546873,1.3657777541206706,82
coronados,2,Neutral,-0.6481448319538731,2.085596717394913,112
coronados,3,El Nino,0.75380916129032,1.8689495717846332,155
coronados,3,La Nina,-0.9907806451612923,1.1742879312789543,93
coronados,3,Neutral,-0.26790161290322834,2.9086279896076594,124
coronados,4,El Nino,0.5811401666666695,1.6189803413835908,120
coronados,4,La Nina,-0.09675233333333194,1.3434052185112553,60
coronados,4,Neutral,-0.36328816666666436,2.4911478016891877,180
coronados,5,El Nino,0.24606766129032237,1.418813007429302,124
coronados,5,La Nina,-0.74124,1.0172351714328425,31
coronados,5,Neutral,-0.05309207373271913,1.8784434079875507,217
coronados,6,El Nino,-0.4919186666666667,1.6866823526779378,120
coronados,6,La Nina,0.815061333333333,0.6922898914160017,30
coronados,6,Neutral,0.19450633333333403,1.2981207830941022,210
coronados,7,El Nino,-0.422366451612902,1.6759406043165839,62
coronados,7,La Nina,0.004523870967743036,1.018317569748186,31
coronados,7,Neutral,-0.0316082258064502,1.7217424845730802,248
coronados,8,El Nino,-0.4036568875057749,1.9953958064196136,62
coronados,8,La Nina,1.1041044028168048,1.024205342608885,31
coronados,8,Neutral,-0.24754110109472657,2.427327203627222,248
coronados,9,El Nino,0.801915457129553,2.323983205327694,90
coronados,9,La Nina,-0.27960646048975285,1.5181313120019262,90
coronados,9,Neutral,-0.20020284401361438,1.5172406994071925,150
coronados,10,El Nino,0.5874871847507318,2.4424221813208495,124
coronados,10,La Nina,-0.4486787331378316,1.5710869057121226,155
coronados,10,Neutral,0.026603577712607726,1.2193978395419964,62
coronados,11,El Nino,1.0465517272727272,1.9853953337192738,120
coronados,11,La Nina,-0.3385474181818187,1.5838288779549774,150
coronados,11,Neutral,-1.382394000000001,1.8571751991676921,60
coronados,12,El Nino,0.9825657264022281,1.206351057000112,124
coronados,12,La Nina,-0.21226722860814323,1.7870913783623021,155
coronados,12,Neutral,-1.5923861454238215,1.1415421764763716,62
cortez_tanner,1,El Nino,0.5031692747330683,1.7877193601532158,155
cortez_tanner,1,La Nina,-0.89544814462177,1.2059315586776043,124
cortez_tanner,1,Neutral,0.34346475860403575,1.7351096130332155,93
cortez_tanner,2,El Nino,0.7613525829264596,1.7887296512411377,143
cortez_tanner,2,La Nina,-0.6868899172728102,1.7359852173259176,82
cortez_tanner,2,Neutral,-0.47308200458225924,1.8593277034720601,112
cortez_tanner,3,El Nino,1.158636387096774,1.0904763930794121,155
cortez_tanner,3,La Nina,-0.9965380645161293,1.7401459195081872,93
cortez_tanner,3,Neutral,-0.74091870967742,2.6063710288129975,124
cortez_tanner,4,El Nino,0.9358199999999994,1.192706342061313,120
cortez_tanner,4,La Nina,-1.661081333333333,1.059387955252364,60
cortez_tanner,4,Neutral,-0.06315755555555624,2.1160691948409642,180
cortez_tanner,5,El Nino,1.1838711290322568,1.223722731797287,124
cortez_tanner,5,La Nina,-1.7536825806451621,0.6827406415077765,31
cortez_tanner,5,Neutral,-0.4550147465437796,1.206717935250656,217
cortez_tanner,6,El Nino,0.9231430000000024,1.1234985552332015,120
cortez_tanner,6,La Nina,-0.3641569999999973,0.6148153527806762,30
cortez_tanner,6,Neutral,-0.4378301428571403,1.2428921187643687,210
cortez_tanner,7,El Nino,0.43728806451613245,1.9879447166067559,62
cortez_tanner,7,La Nina,-0.5487925806451585,0.6055842627136658,31
cortez_tanner,7,Neutral,-0.1640889112903197,1.3672435117850235,248
cortez_tanner,8,El Nino,0.9024756006565162,1.1139971017644201,62
cortez_tanner,8,La Nina,-0.42455988321445154,0.7296410121195268,31
cortez_tanner,8,Neutral,-0.3256332925248624,2.4264119267366646,248
cortez_tanner,9,El Nino,1.0612678837811786,1.821360691639427,90
cortez_tanner,9,La Nina,0.6448844833093957,0.8752991429103456,90
cortez_tanner,9,Neutral,-1.0148841967849613,1.314754583030051,150
cortez_tanner,10,El Nino,0.08060375366569145,1.8819058163528888,124
cortez_tanner,10,La Nina,0.30997689149560315,1.5300257340121919,155
cortez_tanner,10,Neutral,-0.6504056304985316,0.9627363745871897,62
cortez_tanner,11,El Nino,0.508711454545454,1.2652275591999103,120
cortez_tanner,11,La Nina,-0.44533789090909104,1.9677229254777375,150
cortez_tanner,11,Neutral,0.07355472727272717,1.3185452791430743,60
cortez_tanner,12,El Nino,-0.1617113400193402,1.2840952140257036,124
cortez_tanner,12,La Nina,0.004084697030942385,1.8207471760292526,155
cortez_tanner,12,Neutral,0.13885271619981512,1.405318553497117,62
la_jolla,1,El Nino,0.6526826426636639,1.0350779574447162,155
la_jolla,1,La Nina,-0.6733657444331108,1.2628107944810671,124
la_jolla,1,Neutral,-0.18422058314278777,2.0897916774643623,93
la_jolla,2,El Nino,0.6963277154318916,1.7076919701245448,143
la_jolla,2,La Nina,-0.508806636807206,1.2854848735003939,82
la_jolla,2,Neutral,-0.5151762620945673,2.2888413968883694,112
la_jolla,3,El Nino,0.8332000645161275,1.7748801158550922,155
la_jolla,3,La Nina,-1.3583883870967752,1.2712388254686422,93
la_jolla,3,Neutral,-0.11160774193548513,3.062254344759447,124
la_jolla,4,El Nino,0.5232833333333314,1.487466934636146,120
la_jolla,4,La Nina,-0.02274000000000195,1.8577431227802448,60
la_jolla,4,Neutral,-0.3439222222222238,2.58321651083485,180
la_jolla,5,El Nino,0.11184306451613071,1.482830238811999,124
la_jolla,5,La Nina,-0.7212012903225798,1.1004884511032407,31
la_jolla,5,Neutral,0.002904700460830955,1.7754615932906086,217
la_jolla,6,El Nino,-0.8060940000000005,1.938989297421891,120
la_jolla,6,La Nina,1.4594309999999988,0.8003016059881672,30
la_jolla,6,Neutral,0.27900828571428476,1.101785399648836,210
la_jolla,7,El Nino,-0.7159412903225802,1.598971747442591,62
la_jolla,7,La Nina,-0.45366387096774063,1.4857322683056045,31
la_jolla,7,Neutral,0.16719338709677545,1.9766805325212267,248
la_jolla,8,El Nino,-0.6347347475757313,2.198519707173028,62
la_jolla,8,La Nina,0.724758800811365,1.010041472326432,31
la_jolla,8,Neutral,-0.18518813901865294,2.510903125824802,248
la_jolla,9,El Nino,0.9023480055485972,2.306337965138578,90
la_jolla,9,La Nina,-0.43955411167150865,1.7843138020595741,90
la_jolla,9,Neutral,-0.1253025351155292,1.8861169953205892,150
la_jolla,10,El Nino,0.3666950146627576,2.375520651402848,124
la_jolla,10,La Nina,-0.3481995307917875,1.5477315816397836,155
la_jolla,10,Neutral,0.18216070381231772,1.4664339195812026,62
la_jolla,11,El Nino,0.6587613636363653,1.60779621587964,120
la_jolla,11,La Nina,-0.26606799999999875,1.4635505840103689,150
la_jolla,11,Neutral,-0.801585454545453,2.1368505571306624,60
la_jolla,12,El Nino,0.9043108223201434,1.2012628036499864,124
la_jolla,12,La Nina,-0.22996235599328158,1.604061419368402,155
la_jolla,12,Neutral,-1.3357034563437566,0.7470685349635464,62
mission_bay,1,El Nino,0.6055966210444582,1.1682149262986337,155
mission_bay,1,La Nina,-0.6228888628265096,1.2377256583948264,124
mission_bay,1,Neutral,-0.18661628218134813,2.141261791588618,93
mission_bay,2,El Nino,0.6880534719526893,1.6741460807709305,143
mission_bay,2,La Nina,-0.544770019933525,1.3316982864665,82
mission_bay,2,Neutral,-0.49211623936261,2.289285817877841,112
mission_bay,3,El Nino,0.813983483870968,1.7614429368890596,155
mission_bay,3,La Nina,-1.3313916129032253,1.2105003812242732,93
mission_bay,3,Neutral,-0.13824322580645038,2.963948393529855,124
mission_bay,4,El Nino,0.5488229999999995,1.452903541951816,120
mission_bay,4,La Nina,-0.08981733333333312,1.6654274595093252,60
mission_bay,4,Neutral,-0.30210222222222183,2.4914452794669755,180
mission_bay,5,El Nino,0.05397717741935325,1.549413674848462,124
mission_bay,5,La Nina,-0.6095425806451624,1.1204641727634368,31
mission_bay,5,Neutral,0.015341751152072267,1.7826605898699908,217
mission_bay,6,El Nino,-0.8661770000000016,1.9929539602572883,120
mission_bay,6,La Nina,1.437463000000001,0.6596815512317431,30
mission_bay,6,Neutral,0.31439614285714207,1.1103097179365684,210
mission_bay,7,El Nino,-0.775750645161289,1.594333005789693,62
mission_bay,7,La Nina,-0.38729903225806317,1.2076608995446663,31
mission_bay,7,Neutral,0.1556559677419367,1.9398819118080861,248
mission_bay,8,El Nino,-0.7185005549199286,2.213568032852587,62
mission_bay,8,La Nina,0.9293704128220076,1.0380010806217073,31
mission_bay,8,Neutral,-0.1791912466815662,2.4951972245810294,248
mission_bay,9,El Nino,0.8270843387922963,2.1413416545902333,90
mission_bay,9,La Nina,-0.3453222480340516,1.9079909213961455,90
mission_bay,9,Neutral,-0.1336595653993204,1.7432902263008692,150
mission_bay,10,El Nino,0.22322947214076055,2.414837515955506,124
mission_bay,10,La Nina,-0.25421546041055926,1.5353491491877167,155
mission_bay,10,Neutral,0.2493503225806434,1.4712918336747265,62
mission_bay,11,El Nino,0.6853224545454533,1.6432578503977044,120
mission_bay,11,La Nina,-0.2444245090909094,1.560295036796491,150
mission_bay,11,Neutral,-0.9611623636363639,1.9595691874047367,60
mission_bay,12,El Nino,0.896966517740906,1.1963820552483133,124
mission_bay,12,La Nina,-0.18069262867208302,1.71670142724341,155
mission_bay,12,Neutral,-1.3721614723885556,0.7249479082512713,62
nine_mile,1,El Nino,0.5809969104352796,1.09442056150408,155
nine_mile,1,La Nina,-0.5448014766614938,1.311086300547665,124
nine_mile,1,Neutral,-0.1834030895647205,2.085169185621887,93
nine_mile,2,El Nino,0.7046083797741379,1.6921162909102445,143
nine_mile,2,La Nina,-0.3915941814700918,1.2540469547503539,82
nine_mile,2,Neutral,-0.6053924406592729,2.249261130240738,112
nine_mile,3,El Nino,0.8367286451612899,1.7451232417414921,155
nine_mile,3,La Nina,-1.2200970967741933,1.178214968325409,93
nine_mile,3,Neutral,-0.21543096774193582,3.0411773731348433,124
nine_mile,4,El Nino,0.5157593333333332,1.5132538420503763,120
nine_mile,4,La Nina,-0.14319666666666678,1.4809197835503214,60
nine_mile,4,Neutral,-0.29493466666666684,2.3427622265043553,180
nine_mile,5,El Nino,0.18733249999999887,1.4425705796824102,124
nine_mile,5,La Nina,-0.9068167741935492,1.1575053895753205,31
nine_mile,5,Neutral,-0.007393640552996428,1.8971145691420535,217
nine_mile,6,El Nino,-0.5190256666666675,1.7397273503147452,120
nine_mile,6,La Nina,0.9602893333333322,1.1547762843345901,30
nine_mile,6,Neutral,0.1814574761904762,1.2046548583527692,210
nine_mile,7,El Nino,-0.5762367741935503,1.5995336521631984,62
nine_mile,7,La Nina,-0.1356722580645164,1.1218498902013263,31
nine_mile,7,Neutral,0.06913399193548139,1.894602822945953,248
nine_mile,8,El Nino,-0.34911079884973684,1.7994646283582683,62
nine_mile,8,La Nina,0.8406311366341349,1.0539083291642106,31
nine_mile,8,Neutral,-0.21046313248890997,2.353413649965415,248
nine_mile,9,El Nino,0.7043208117084553,2.0449067175615965,90
nine_mile,9,La Nina,-0.12019354648425001,1.6147882558373063,90
nine_mile,9,Neutral,-0.2774644181227899,1.328743805867821,150
nine_mile,10,El Nino,0.5690151906158357,2.4304713788571624,124
nine_mile,10,La Nina,-0.3084519413489742,1.608125007815706,155
nine_mile,10,Neutral,-0.2116066275659833,1.3573871229101966,62
nine_mile,11,El Nino,0.9598270909090902,1.6587431049526578,120
nine_mile,11,La Nina,-0.4042230545454563,1.4226010145918526,150
nine_mile,11,Neutral,-1.159093636363638,1.9411099298182468,60
nine_mile,12,El Nino,1.0184746346492897,1.3844935607632423,124
nine_mile,12,La Nina,-0.1298750457741414,1.7378299179215742,155
nine_mile,12,Neutral,-1.7936286061775462,0.8441453220683602,62
outer_banks,1,El Nino,0.5191336656130918,1.116517020359854,155
outer_banks,1,La Nina,-0.4420285924514242,1.3429577500987313,124
outer_banks,1,Neutral,-0.232004398903037,2.1749045122886406,93
outer_banks,2,El Nino,0.5424038511140485,1.5027890700874909,143
outer_banks,2,La Nina,-0.12878233243668225,1.4878303891626723,82
outer_banks,2,Neutral,-0.6167339235049376,2.0004711635529318,112
outer_banks,3,El Nino,0.635226193548388,1.6969317632640317,155
outer_banks,3,La Nina,-0.9479177419354822,1.2075402184301633,93
outer_banks,3,Neutral,-0.1374241935483856,2.780456866536811,124
outer_banks,4,El Nino,0.7217616666666675,1.6361574893584518,120
outer_banks,4,La Nina,-0.752158333333332,1.2392546089609966,60
outer_banks,4,Neutral,-0.20799166666666608,2.2775337155763804,180
outer_banks,5,El Nino,0.6318766129032248,1.229509416940822,124
outer_banks,5,La Nina,-1.074984516129034,0.825331858623502,31
outer_banks,5,Neutral,-0.2416630414746549,1.7959457753367625,217
outer_banks,6,El Nino,-0.12761099999999975,1.4708096915927042,120
outer_banks,6,La Nina,0.23802900000000068,1.112768410358629,30
outer_banks,6,Neutral,0.07557771428571444,1.2802474068394558,210
outer_banks,7,El Nino,-0.619930645161289,1.641807447252971,62
outer_banks,7,La Nina,0.4612596774193556,0.6837579997166823,31
outer_banks,7,Neutral,-0.048048629032257095,1.557013882343462,248
outer_banks,8,El Nino,-0.04204917457528749,1.4315306385219784,62
outer_banks,8,La Nina,0.2483314705860027,0.7065127127469504,31
outer_banks,8,Neutral,-0.24442410189806207,2.1640943513676305,248
outer_banks,9,El Nino,0.3688963617605956,2.1997014742367735,90
outer_banks,9,La Nina,0.42960789433181695,1.09856550209991,90
outer_banks,9,Neutral,-0.42506979915393855,1.456679738520556,150
outer_banks,10,El Nino,0.5995083870967756,2.3391302952586477,124
outer_banks,10,La Nina,-0.25503047507331345,1.6444024668178272,155
outer_banks,10,Neutral,-0.4059409970674475,0.9458805825875761,62
outer_banks,11,El Nino,0.9138364545454571,1.586077218181584,120
outer_banks,11,La Nina,-0.29996145454545287,1.5420665543614824,150
outer_banks,11,Neutral,-1.262683090909089,1.9231724545561857,60
outer_banks,12,El Nino,0.8889831899055882,1.3406201772125241,124
outer_banks,12,La Nina,-0.05964351075960036,1.5907456305474792,155
outer_banks,12,Neutral,-1.6796341843880966,1.2147158606212518,62
pt_loma_kelp,1,El Nino,0.6186253218970711,1.1687522430555775,155
pt_loma_kelp,1,La Nina,-0.6179979039093805,1.2053059023396067,124
pt_loma_kelp,1,Neutral,-0.2078688716513158,2.0971772593336944,93
pt_loma_kelp,2,El Nino,0.7050509499664858,1.6485570217299572,143
pt_loma_kelp,2,La Nina,-0.5196002145609644,1.3335273560271488,82
pt_loma_kelp,2,Neutral,-0.5165458153913755,2.243886022414277,112
pt_loma_kelp,3,El Nino,0.8380974838709662,1.7954229532625638,155
pt_loma_kelp,3,La Nina,-1.3022403225806471,1.2033645850755386,93
pt_loma_kelp,3,Neutral,-0.18371451612903403,2.87411321474406,124
pt_loma_kelp,4,El Nino,0.5595884999999996,1.4848821255459292,120
pt_loma_kelp,4,La Nina,-0.13388566666666732,1.5623326247474962,60
pt_loma_kelp,4,Neutral,-0.30002761111111165,2.4807055759532957,180
pt_loma_kelp,5,El Nino,0.041582500000002416,1.6085315358423629,124
pt_loma_kelp,5,La Nina,-0.5648525806451581,1.143255084863591,31
pt_loma_kelp,5,Neutral,0.024993963133643306,1.8808152546625256,217
pt_loma_kelp,6,El Nino,-0.814497000000003,1.9590466496813945,120
pt_loma_kelp,6,La Nina,1.3224479999999972,0.662134134084626,30
pt_loma_kelp,6,Neutral,0.2883507142857114,1.1672160765639925,210
pt_loma_kelp,7,El Nino,-0.6866087096774192,1.606500858856446,62
pt_loma_kelp,7,La Nina,-0.21495064516129045,1.0706016568077816,31
pt_loma_kelp,7,Neutral,0.12775133064516098,1.9121994304781338,248
pt_loma_kelp,8,El Nino,-0.5715475675317669,2.1473844994062135,62
pt_loma_kelp,8,La Nina,1.1262879163392008,0.9528787494779279,31
pt_loma_kelp,8,Neutral,-0.21152138417267813,2.5139146140119157,248
pt_loma_kelp,9,El Nino,0.8431058747827451,2.1151013741311586,90
pt_loma_kelp,9,La Nina,-0.3205719629962423,1.8534541056706797,90
pt_loma_kelp,9,Neutral,-0.18031553055203897,1.6534915251449926,150
pt_loma_kelp,10,El Nino,0.25723565982404945,2.4709157838072247,124
pt_loma_kelp,10,La Nina,-0.22563012316715297,1.5172271138651705,155
pt_loma_kelp,10,Neutral,0.1960050439882726,1.471564287663014,62
pt_loma_kelp,11,El Nino,0.809439181818182,1.7228026426805556,120
pt_loma_kelp,11,La Nina,-0.30313389090909026,1.5782509399055051,150
pt_loma_kelp,11,Neutral,-1.160746181818181,1.837653318017705,60
pt_loma_kelp,12,El Nino,0.9486187159325401,1.2087563359619413,124
pt_loma_kelp,12,La Nina,-0.15993919752143257,1.816540884853213,155
pt_loma_kelp,12,Neutral,-1.5276385932728092,0.7276998908170716,62
sd_bay,1,El Nino,0.5893689717623507,1.1731633685219762,155
sd_bay,1,La Nina,-0.6140007056570043,1.2074548271273662,124
sd_bay,1,Neutral,-0.18841683468926232,2.092212098570222,93
sd_bay,2,El Nino,0.6914809408713195,1.6533844404619966,143
sd_bay,2,La Nina,-0.5150595090872058,1.32337391339257,82
sd_bay,2,Neutral,-0.4998738961100089,2.204901116036003,112
sd_bay,3,El Nino,0.8300810322580644,1.775347494088906,155
sd_bay,3,La Nina,-1.313725161290323,1.2093345409083203,93
sd_bay,3,Neutral,-0.16158967741935473,2.874103735265973,124
sd_bay,4,El Nino,0.5178754999999996,1.5011569282630037,120
sd_bay,4,La Nina,-0.14493866666666666,1.5022296855431259,60
sd_bay,4,Neutral,-0.2732806111111109,2.471096736908299,180
sd_bay,5,El Nino,0.008976209677418906,1.6217018414147883,124
sd_bay,5,La Nina,-0.5968654838709685,1.084805414818217,31
sd_bay,5,Neutral,0.05334529953916975,1.8702815261194081,217
sd_bay,6,El Nino,-0.8167473333333367,2.0001233467147714,120
sd_bay,6,La Nina,1.308557666666664,0.60487604951806,30
sd_bay,6,Neutral,0.295361666666664,1.179483949819538,210
sd_bay,7,El Nino,-0.6706635483870984,1.61913692956433,62
sd_bay,7,La Nina,-0.1951441935483889,1.0656627117644473,31
sd_bay,7,Neutral,0.12027544354838539,1.9038704014335803,248
sd_bay,8,El Nino,-0.6107361435591225,2.18065864259173,62
sd_bay,8,La Nina,1.166299340311846,0.942987605991208,31
sd_bay,8,Neutral,-0.2114194543568819,2.5212164525347567,248
sd_bay,9,El Nino,0.8162423209921902,2.1112565013832474,90
sd_bay,9,La Nina,-0.3382206447127631,1.9015780351490468,90
sd_bay,9,Neutral,-0.14594923785375405,1.6808088659520497,150
sd_bay,10,El Nino,0.16409181818181742,2.4841575191383076,124
sd_bay,10,La Nina,-0.2102240234604116,1.5271565747214428,155
sd_bay,10,Neutral,0.32846516129032166,1.4659620437098495,62
sd_bay,11,El Nino,0.7544370909090911,1.7093633610031114,120
sd_bay,11,La Nina,-0.270756509090909,1.6368954784401073,150
sd_bay,11,Neutral,-1.1259209090909088,1.8041045778674785,60
sd_bay,12,El Nino,0.9278885507588616,1.1607017723261788,124
sd_bay,12,La Nina,-0.1790552918847262,1.87557448649332,155
sd_bay,12,Neutral,-1.428262920523593,0.7144333519082756,62
surf_zone,1,El Nino,0.6761712796932876,1.0335274032490624,155
surf_zone,1,La Nina,-0.7171622686938091,1.2545564071041697,124
surf_zone,1,Neutral,-0.1655977525647771,2.090513202545692,93
surf_zone,2,El Nino,0.7226995855948714,1.7146031936837287,143
surf_zone,2,La Nina,-0.5947665287038159,1.3037088218109694,82
surf_zone,2,Neutral,-0.4782981375709533,2.2584643494626944,112
surf_zone,3,El Nino,0.8191873548387099,1.771811007643478,155
surf_zone,3,La Nina,-1.332685161290322,1.223495205916775,93
surf_zone,3,Neutral,-0.12284322580645149,3.0743862753738997,124
surf_zone,4,El Nino,0.5501986666666677,1.4565973517958597,120
surf_zone,4,La Nina,-0.1861583333333319,1.9129192154296237,60
surf_zone,4,Neutral,-0.306455999999999,2.6217096794030286,180
surf_zone,5,El Nino,0.10481999999999979,1.4669420191677653,124
surf_zone,5,La Nina,-0.7951854838709671,1.0266419214209601,31
surf_zone,5,Neutral,0.01794797235023089,1.7353669701811976,217
surf_zone,6,El Nino,-0.8508093333333342,1.9965587636595552,120
surf_zone,6,La Nina,1.499720666666669,0.712170234370742,30
surf_zone,6,Neutral,0.30296552380952313,1.108992944290058,210
surf_zone,7,El Nino,-0.7931435483870967,1.5583272342273762,62
surf_zone,7,La Nina,-0.605391935483871,1.6498562179099499,31
surf_zone,7,Neutral,0.18982955645161348,1.9618355499057236,248
surf_zone,8,El Nino,-0.6622880665300345,2.3198299903194406,62
surf_zone,8,La Nina,0.6542958044377055,0.9659826222543388,31
surf_zone,8,Neutral,-0.1759338758790791,2.5555918969869813,248
surf_zone,9,El Nino,0.8869127003036658,2.406450806302123,90
surf_zone,9,La Nina,-0.4672507313784253,1.7911786574776074,90
surf_zone,9,Neutral,-0.09012741771484371,1.9274790852906298,150
surf_zone,10,El Nino,0.3358318768328438,2.353240688721939,124
surf_zone,10,La Nina,-0.3637565278592385,1.567692463799924,155
surf_zone,10,Neutral,0.3183967741935475,1.4636962393163224,62
surf_zone,11,El Nino,0.6672202727272737,1.592991141139076,120
surf_zone,11,La Nina,-0.28259898181818155,1.5009591839099132,150
surf_zone,11,Neutral,-0.7906059999999999,2.2659509328771765,60
surf_zone,12,El Nino,0.8674035849581095,1.1903755291535922,124
surf_zone,12,La Nina,-0.2396008211644851,1.588221163906208,155
surf_zone,12,Neutral,-1.2637313488806714,0.6711109641198699,62
