zone_id,year,observed_anom_f,n_days
coronados,2015,4.604591818181816,24
coronados,2023,-1.1345581818181847,24
cortez_tanner,2015,2.322326363636364,24
cortez_tanner,2023,-1.7647986363636365,24
la_jolla,2015,3.999310000000001,24
la_jolla,2023,-0.8946649999999984,24
mission_bay,2015,3.921619090909088,24
mission_bay,2023,-1.151305909090912,24
nine_mile,2015,4.336738636363636,24
nine_mile,2023,-0.8891863636363647,24
outer_banks,2015,4.288529545454547,24
outer_banks,2023,-1.014795454545455,24
pt_loma_kelp,2015,4.009221363636366,24
pt_loma_kelp,2023,-1.166453636363636,24
sd_bay,2015,3.8711063636363634,24
sd_bay,2023,-1.293318636363635,24
surf_zone,2015,3.9284613636363637,24
surf_zone,2023,-0.8977136363636363,24
