season,year,sst_c,oni,month,regime,simple_regime
DJF,1950,25.01,-1.32,1,La Nina,La Nina
JFM,1950,25.36,-1.2,2,La Nina,La Nina
FMA,1950,25.88,-1.12,3,La Nina,La Nina
MAM,1950,26.24,-1.08,4,La Nina,La Nina
AMJ,1950,26.35,-1.1,5,La Nina,La Nina
MJJ,1950,26.32,-0.9,6,La Nina,La Nina
JJA,1950,26.24,-0.62,7,La Nina,La Nina
JAS,1950,25.94,-0.57,8,La Nina,La Nina
ASO,1950,25.76,-0.56,9,La Nina,La Nina
SON,1950,25.6,-0.62,10,La Nina,La Nina
OND,1950,25.55,-0.66,11,La Nina,La Nina
NDJ,1950,25.41,-0.79,12,La Nina,La Nina
DJF,1951,25.67,-0.66,1,La Nina,La Nina
JFM,1951,26.2,-0.36,2,Neutral,Neutral
FMA,1951,26.96,-0.04,3,Neutral,Neutral
MAM,1951,27.48,0.16,4,Neutral,Neutral
AMJ,1951,27.72,0.27,5,Neutral,Neutral
MJJ,1951,27.72,0.5,6,El Nino,El Nino
JJA,1951,27.57,0.71,7,El Nino,El Nino
JAS,1951,27.41,0.9,8,El Nino,El Nino
ASO,1951,27.34,1.02,9,El Nino,El Nino
SON,1951,27.25,1.03,10,El Nino,El Nino
OND,1951,27.18,0.96,11,El Nino,El Nino
NDJ,1951,26.91,0.71,12,El Nino,El Nino
DJF,1952,26.86,0.52,1,El Nino,El Nino
JFM,1952,26.82,0.27,2,Neutral,Neutral
FMA,1952,27.33,0.33,3,Neutral,Neutral
MAM,1952,27.5,0.18,4,Neutral,Neutral
AMJ,1952,27.38,-0.07,5,Neutral,Neutral
MJJ,1952,26.78,-0.44,6,Neutral,Neutral
JJA,1952,26.41,-0.45,7,Neutral,Neutral
JAS,1952,26.31,-0.2,8,Neutral,Neutral
ASO,1952,26.35,0.03,9,Neutral,Neutral
SON,1952,26.26,0.04,10,Neutral,Neutral
OND,1952,26.11,-0.11,11,Neutral,Neutral
NDJ,1952,26.25,0.06,12,Neutral,Neutral
DJF,1953,26.58,0.25,1,Neutral,Neutral
JFM,1953,27.06,0.5,2,El Nino,El Nino
FMA,1953,27.48,0.48,3,Neutral,Neutral
MAM,1953,27.88,0.56,4,El Nino,El Nino
AMJ,1953,28.22,0.77,5,El Nino,El Nino
MJJ,1953,27.96,0.74,6,El Nino,El Nino
JJA,1953,27.49,0.63,7,El Nino,El Nino
JAS,1953,27.19,0.68,8,El Nino,El Nino
ASO,1953,26.91,0.59,9,El Nino,El Nino
SON,1953,27.0,0.78,10,El Nino,El Nino
OND,1953,26.74,0.52,11,El Nino,El Nino
NDJ,1953,26.76,0.56,12,El Nino,El Nino
DJF,1954,26.74,0.41,1,Neutral,Neutral
JFM,1954,26.91,0.35,2,Neutral,Neutral
FMA,1954,27.01,0.01,3,Neutral,Neutral
MAM,1954,27.04,-0.27,4,Neutral,Neutral
AMJ,1954,26.97,-0.48,5,Neutral,Neutral
MJJ,1954,26.74,-0.48,6,Neutral,Neutral
JJA,1954,26.18,-0.67,7,La Nina,La Nina
JAS,1954,25.68,-0.83,8,La Nina,La Nina
ASO,1954,25.58,-0.73,9,La Nina,La Nina
SON,1954,25.7,-0.52,10,La Nina,La Nina
OND,1954,25.82,-0.4,11,Neutral,Neutral
NDJ,1954,25.76,-0.44,12,Neutral,Neutral
DJF,1955,25.83,-0.5,1,La Nina,La Nina
JFM,1955,26.08,-0.48,2,Neutral,Neutral
FMA,1955,26.42,-0.58,3,La Nina,La Nina
MAM,1955,26.56,-0.76,4,La Nina,La Nina
AMJ,1955,26.67,-0.78,5,La Nina,La Nina
MJJ,1955,26.34,-0.88,6,La Nina,La Nina
JJA,1955,26.13,-0.72,7,La Nina,La Nina
JAS,1955,25.59,-0.92,8,La Nina,La Nina
ASO,1955,25.21,-1.11,9,La Nina,La Nina
SON,1955,24.78,-1.44,10,La Nina,La Nina
OND,1955,24.63,-1.59,11,Strong La Nina,La Nina
NDJ,1955,24.73,-1.51,12,Strong La Nina,La Nina
DJF,1956,25.2,-1.17,1,La Nina,La Nina
JFM,1956,25.82,-0.81,2,La Nina,La Nina
FMA,1956,26.47,-0.57,3,La Nina,La Nina
MAM,1956,26.84,-0.51,4,La Nina,La Nina
AMJ,1956,27.0,-0.49,5,Neutral,Neutral
MJJ,1956,26.81,-0.47,6,Neutral,Neutral
JJA,1956,26.37,-0.55,7,La Nina,La Nina
JAS,1956,26.02,-0.52,8,La Nina,La Nina
ASO,1956,25.9,-0.43,9,Neutral,Neutral
SON,1956,25.85,-0.39,10,Neutral,Neutral
OND,1956,25.87,-0.37,11,Neutral,Neutral
NDJ,1956,25.87,-0.39,12,Neutral,Neutral
DJF,1957,26.11,-0.27,1,Neutral,Neutral
JFM,1957,26.57,-0.06,2,Neutral,Neutral
FMA,1957,27.3,0.26,3,Neutral,Neutral
MAM,1957,27.99,0.63,4,El Nino,El Nino
AMJ,1957,28.21,0.72,5,El Nino,El Nino
MJJ,1957,28.09,0.82,6,El Nino,El Nino
JJA,1957,27.88,0.96,7,El Nino,El Nino
JAS,1957,27.57,1.03,8,El Nino,El Nino
ASO,1957,27.45,1.12,9,El Nino,El Nino
SON,1957,27.38,1.15,10,El Nino,El Nino
OND,1957,27.63,1.39,11,El Nino,El Nino
NDJ,1957,27.87,1.62,12,Strong El Nino,El Nino
DJF,1958,28.07,1.69,1,Strong El Nino,El Nino
JFM,1958,28.21,1.59,2,Strong El Nino,El Nino
FMA,1958,28.21,1.17,3,El Nino,El Nino
MAM,1958,28.2,0.84,4,El Nino,El Nino
AMJ,1958,28.06,0.57,5,El Nino,El Nino
MJJ,1958,27.77,0.49,6,Neutral,Neutral
JJA,1958,27.36,0.43,7,Neutral,Neutral
JAS,1958,26.86,0.32,8,Neutral,Neutral
ASO,1958,26.61,0.28,9,Neutral,Neutral
SON,1958,26.53,0.3,10,Neutral,Neutral
OND,1958,26.6,0.36,11,Neutral,Neutral
NDJ,1958,26.82,0.56,12,El Nino,El Nino
DJF,1959,26.99,0.6,1,El Nino,El Nino
JFM,1959,27.27,0.64,2,El Nino,El Nino
FMA,1959,27.51,0.48,3,Neutral,Neutral
MAM,1959,27.75,0.39,4,Neutral,Neutral
AMJ,1959,27.73,0.24,5,Neutral,Neutral
MJJ,1959,27.29,0.02,6,Neutral,Neutral
JJA,1959,26.74,-0.19,7,Neutral,Neutral
JAS,1959,26.31,-0.23,8,Neutral,Neutral
ASO,1959,26.29,-0.04,9,Neutral,Neutral
SON,1959,26.34,0.11,10,Neutral,Neutral
OND,1959,26.47,0.23,11,Neutral,Neutral
NDJ,1959,26.4,0.14,12,Neutral,Neutral
DJF,1960,26.4,0.02,1,Neutral,Neutral
JFM,1960,26.65,0.03,2,Neutral,Neutral
FMA,1960,27.1,0.06,3,Neutral,Neutral
MAM,1960,27.52,0.17,4,Neutral,Neutral
AMJ,1960,27.53,0.04,5,Neutral,Neutral
MJJ,1960,27.27,0.0,6,Neutral,Neutral
JJA,1960,26.93,0.01,7,Neutral,Neutral
JAS,1960,26.69,0.15,8,Neutral,Neutral
ASO,1960,26.52,0.19,9,Neutral,Neutral
SON,1960,26.32,0.08,10,Neutral,Neutral
OND,1960,26.17,-0.07,11,Neutral,Neutral
NDJ,1960,26.16,-0.07,12,Neutral,Neutral
DJF,1961,26.34,0.0,1,Neutral,Neutral
JFM,1961,26.6,0.03,2,Neutral,Neutral
FMA,1961,26.98,0.01,3,Neutral,Neutral
MAM,1961,27.33,0.05,4,Neutral,Neutral
AMJ,1961,27.62,0.22,5,Neutral,Neutral
MJJ,1961,27.41,0.22,6,Neutral,Neutral
JJA,1961,26.94,0.08,7,Neutral,Neutral
JAS,1961,26.32,-0.2,8,Neutral,Neutral
ASO,1961,26.01,-0.32,9,Neutral,Neutral
SON,1961,26.02,-0.22,10,Neutral,Neutral
OND,1961,26.09,-0.11,11,Neutral,Neutral
NDJ,1961,26.14,-0.05,12,Neutral,Neutral
DJF,1962,26.16,-0.16,1,Neutral,Neutral
JFM,1962,26.4,-0.17,2,Neutral,Neutral
FMA,1962,26.83,-0.15,3,Neutral,Neutral
MAM,1962,27.09,-0.2,4,Neutral,Neutral
AMJ,1962,27.21,-0.19,5,Neutral,Neutral
MJJ,1962,27.06,-0.13,6,Neutral,Neutral
JJA,1962,26.85,0.0,7,Neutral,Neutral
JAS,1962,26.42,-0.1,8,Neutral,Neutral
ASO,1962,26.17,-0.16,9,Neutral,Neutral
SON,1962,25.98,-0.25,10,Neutral,Neutral
OND,1962,25.95,-0.25,11,Neutral,Neutral
NDJ,1962,25.87,-0.32,12,Neutral,Neutral
DJF,1963,25.98,-0.33,1,Neutral,Neutral
JFM,1963,26.4,-0.17,2,Neutral,Neutral
FMA,1963,26.99,0.01,3,Neutral,Neutral
MAM,1963,27.41,0.13,4,Neutral,Neutral
AMJ,1963,27.52,0.12,5,Neutral,Neutral
MJJ,1963,27.64,0.45,6,Neutral,Neutral
JJA,1963,27.61,0.76,7,El Nino,El Nino
JAS,1963,27.61,1.09,8,El Nino,El Nino
ASO,1963,27.42,1.09,9,El Nino,El Nino
SON,1963,27.37,1.13,10,El Nino,El Nino
OND,1963,27.39,1.19,11,El Nino,El Nino
NDJ,1963,27.33,1.13,12,El Nino,El Nino
DJF,1964,27.26,0.95,1,El Nino,El Nino
JFM,1964,27.09,0.52,2,El Nino,El Nino
FMA,1964,27.04,0.06,3,Neutral,Neutral
MAM,1964,26.93,-0.35,4,Neutral,Neutral
AMJ,1964,26.8,-0.6,5,La Nina,La Nina
MJJ,1964,26.53,-0.66,6,La Nina,La Nina
JJA,1964,26.19,-0.67,7,La Nina,La Nina
JAS,1964,25.82,-0.7,8,La Nina,La Nina
ASO,1964,25.6,-0.72,9,La Nina,La Nina
SON,1964,25.44,-0.8,10,La Nina,La Nina
OND,1964,25.41,-0.79,11,La Nina,La Nina
NDJ,1964,25.45,-0.75,12,La Nina,La Nina
DJF,1965,25.8,-0.51,1,La Nina,La Nina
JFM,1965,26.32,-0.25,2,Neutral,Neutral
FMA,1965,26.93,-0.04,3,Neutral,Neutral
MAM,1965,27.45,0.16,4,Neutral,Neutral
AMJ,1965,27.86,0.47,5,Neutral,Neutral
MJJ,1965,27.98,0.79,6,El Nino,El Nino
JJA,1965,27.95,1.1,7,El Nino,El Nino
JAS,1965,27.79,1.27,8,El Nino,El Nino
ASO,1965,27.87,1.55,9,Strong El Nino,El Nino
SON,1965,27.93,1.7,10,Strong El Nino,El Nino
OND,1965,28.02,1.82,11,Strong El Nino,El Nino
NDJ,1965,27.83,1.6,12,Strong El Nino,El Nino
DJF,1966,27.61,1.24,1,El Nino,El Nino
JFM,1966,27.6,0.95,2,El Nino,El Nino
FMA,1966,27.79,0.76,3,El Nino,El Nino
MAM,1966,27.77,0.43,4,Neutral,Neutral
AMJ,1966,27.68,0.24,5,Neutral,Neutral
MJJ,1966,27.44,0.18,6,Neutral,Neutral
JJA,1966,27.18,0.25,7,Neutral,Neutral
JAS,1966,26.73,0.13,8,Neutral,Neutral
ASO,1966,26.34,-0.09,9,Neutral,Neutral
SON,1966,26.27,-0.12,10,Neutral,Neutral
OND,1966,26.17,-0.23,11,Neutral,Neutral
NDJ,1966,26.02,-0.35,12,Neutral,Neutral
DJF,1967,25.97,-0.46,1,Neutral,Neutral
JFM,1967,26.18,-0.48,2,Neutral,Neutral
FMA,1967,26.53,-0.5,3,La Nina,La Nina
MAM,1967,26.97,-0.37,4,Neutral,Neutral
AMJ,1967,27.3,-0.15,5,Neutral,Neutral
MJJ,1967,27.31,0.05,6,Neutral,Neutral
JJA,1967,26.92,-0.02,7,Neutral,Neutral
JAS,1967,26.33,-0.26,8,Neutral,Neutral
ASO,1967,26.03,-0.4,9,Neutral,Neutral
SON,1967,25.99,-0.4,10,Neutral,Neutral
OND,1967,26.03,-0.36,11,Neutral,Neutral
NDJ,1967,25.95,-0.42,12,Neutral,Neutral
DJF,1968,25.81,-0.62,1,La Nina,La Nina
JFM,1968,25.92,-0.73,2,La Nina,La Nina
FMA,1968,26.41,-0.63,3,La Nina,La Nina
MAM,1968,26.85,-0.48,4,Neutral,Neutral
AMJ,1968,27.35,-0.1,5,Neutral,Neutral
MJJ,1968,27.43,0.17,6,Neutral,Neutral
JJA,1968,27.37,0.44,7,Neutral,Neutral
JAS,1968,26.97,0.38,8,Neutral,Neutral
ASO,1968,26.78,0.34,9,Neutral,Neutral
SON,1968,26.9,0.5,10,El Nino,El Nino
OND,1968,27.06,0.66,11,El Nino,El Nino
NDJ,1968,27.3,0.93,12,El Nino,El Nino
DJF,1969,27.42,0.98,1,El Nino,El Nino
JFM,1969,27.63,0.98,2,El Nino,El Nino
FMA,1969,27.8,0.77,3,El Nino,El Nino
MAM,1969,28.02,0.69,4,El Nino,El Nino
AMJ,1969,28.06,0.62,5,El Nino,El Nino
MJJ,1969,27.74,0.48,6,Neutral,Neutral
JJA,1969,27.3,0.37,7,Neutral,Neutral
JAS,1969,27.0,0.41,8,Neutral,Neutral
ASO,1969,27.04,0.61,9,El Nino,El Nino
SON,1969,27.11,0.71,10,El Nino,El Nino
OND,1969,27.21,0.81,11,El Nino,El Nino
NDJ,1969,27.08,0.71,12,El Nino,El Nino
DJF,1970,26.89,0.46,1,Neutral,Neutral
JFM,1970,26.89,0.23,2,Neutral,Neutral
FMA,1970,27.27,0.23,3,Neutral,Neutral
MAM,1970,27.61,0.28,4,Neutral,Neutral
AMJ,1970,27.56,0.11,5,Neutral,Neutral
MJJ,1970,27.0,-0.26,6,Neutral,Neutral
JJA,1970,26.38,-0.55,7,La Nina,La Nina
JAS,1970,25.88,-0.72,8,La Nina,La Nina
ASO,1970,25.74,-0.69,9,La Nina,La Nina
SON,1970,25.67,-0.72,10,La Nina,La Nina
OND,1970,25.61,-0.78,11,La Nina,La Nina
NDJ,1970,25.29,-1.1,12,La Nina,La Nina
DJF,1971,25.17,-1.29,1,La Nina,La Nina
JFM,1971,25.34,-1.36,2,La Nina,La Nina
FMA,1971,25.97,-1.08,3,La Nina,La Nina
MAM,1971,26.55,-0.81,4,La Nina,La Nina
AMJ,1971,26.76,-0.72,5,La Nina,La Nina
MJJ,1971,26.62,-0.69,6,La Nina,La Nina
JJA,1971,26.3,-0.68,7,La Nina,La Nina
JAS,1971,26.05,-0.6,8,La Nina,La Nina
ASO,1971,25.81,-0.68,9,La Nina,La Nina
SON,1971,25.68,-0.78,10,La Nina,La Nina
OND,1971,25.59,-0.86,11,La Nina,La Nina
NDJ,1971,25.65,-0.78,12,La Nina,La Nina
DJF,1972,25.92,-0.57,1,La Nina,La Nina
JFM,1972,26.42,-0.27,2,Neutral,Neutral
FMA,1972,27.09,0.04,3,Neutral,Neutral
MAM,1972,27.61,0.25,4,Neutral,Neutral
AMJ,1972,27.96,0.48,5,Neutral,Neutral
MJJ,1972,28.0,0.7,6,El Nino,El Nino
JJA,1972,27.98,1.0,7,El Nino,El Nino
JAS,1972,27.91,1.26,8,El Nino,El Nino
ASO,1972,27.98,1.49,9,El Nino,El Nino
SON,1972,28.14,1.69,10,Strong El Nino,El Nino
OND,1972,28.3,1.84,11,Strong El Nino,El Nino
NDJ,1972,28.2,1.77,12,Strong El Nino,El Nino
DJF,1973,28.03,1.55,1,Strong El Nino,El Nino
JFM,1973,27.82,1.13,2,El Nino,El Nino
FMA,1973,27.61,0.56,3,El Nino,El Nino
MAM,1973,27.33,-0.03,4,Neutral,Neutral
AMJ,1973,26.97,-0.51,5,La Nina,La Nina
MJJ,1973,26.51,-0.8,6,La Nina,La Nina
JJA,1973,25.99,-0.99,7,La Nina,La Nina
JAS,1973,25.54,-1.11,8,La Nina,La Nina
ASO,1973,25.23,-1.26,9,La Nina,La Nina
SON,1973,24.87,-1.58,10,Strong La Nina,La Nina
OND,1973,24.57,-1.89,11,Strong La Nina,La Nina
NDJ,1973,24.39,-2.04,12,Strong La Nina,La Nina
DJF,1974,24.61,-1.87,1,Strong La Nina,La Nina
JFM,1974,25.1,-1.59,2,Strong La Nina,La Nina
FMA,1974,25.82,-1.24,3,La Nina,La Nina
MAM,1974,26.37,-0.99,4,La Nina,La Nina
AMJ,1974,26.77,-0.71,5,La Nina,La Nina
MJJ,1974,26.67,-0.64,6,La Nina,La Nina
JJA,1974,26.52,-0.46,7,Neutral,Neutral
JAS,1974,26.25,-0.4,8,Neutral,Neutral
ASO,1974,26.02,-0.47,9,Neutral,Neutral
SON,1974,25.76,-0.69,10,La Nina,La Nina
OND,1974,25.57,-0.88,11,La Nina,La Nina
NDJ,1974,25.72,-0.71,12,La Nina,La Nina
DJF,1975,25.92,-0.56,1,La Nina,La Nina
JFM,1975,26.15,-0.55,2,La Nina,La Nina
FMA,1975,26.44,-0.61,3,La Nina,La Nina
MAM,1975,26.7,-0.66,4,La Nina,La Nina
AMJ,1975,26.68,-0.8,5,La Nina,La Nina
MJJ,1975,26.39,-0.92,6,La Nina,La Nina
JJA,1975,25.9,-1.08,7,La Nina,La Nina
JAS,1975,25.54,-1.12,8,La Nina,La Nina
ASO,1975,25.2,-1.29,9,La Nina,La Nina
SON,1975,25.14,-1.32,10,La Nina,La Nina
OND,1975,24.98,-1.47,11,La Nina,La Nina
NDJ,1975,24.84,-1.58,12,Strong La Nina,La Nina
DJF,1976,24.98,-1.49,1,La Nina,La Nina
JFM,1976,25.55,-1.11,2,La Nina,La Nina
FMA,1976,26.37,-0.65,3,La Nina,La Nina
MAM,1976,26.87,-0.45,4,Neutral,Neutral
AMJ,1976,27.21,-0.23,5,Neutral,Neutral
MJJ,1976,27.28,0.0,6,Neutral,Neutral
JJA,1976,27.21,0.23,7,Neutral,Neutral
JAS,1976,27.09,0.4,8,Neutral,Neutral
ASO,1976,27.13,0.6,9,El Nino,El Nino
SON,1976,27.28,0.79,10,El Nino,El Nino
OND,1976,27.28,0.81,11,El Nino,El Nino
NDJ,1976,27.28,0.84,12,El Nino,El Nino
DJF,1977,27.19,0.71,1,El Nino,El Nino
JFM,1977,27.33,0.66,2,El Nino,El Nino
FMA,1977,27.35,0.33,3,Neutral,Neutral
MAM,1977,27.58,0.26,4,Neutral,Neutral
AMJ,1977,27.7,0.26,5,Neutral,Neutral
MJJ,1977,27.75,0.46,6,Neutral,Neutral
JJA,1977,27.37,0.39,7,Neutral,Neutral
JAS,1977,27.04,0.35,8,Neutral,Neutral
ASO,1977,26.97,0.45,9,Neutral,Neutral
SON,1977,27.17,0.68,10,El Nino,El Nino
OND,1977,27.31,0.84,11,El Nino,El Nino
NDJ,1977,27.25,0.82,12,El Nino,El Nino
DJF,1978,27.18,0.71,1,El Nino,El Nino
JFM,1978,27.19,0.52,2,El Nino,El Nino
FMA,1978,27.19,0.17,3,Neutral,Neutral
MAM,1978,27.26,-0.06,4,Neutral,Neutral
AMJ,1978,27.17,-0.28,5,Neutral,Neutral
MJJ,1978,27.05,-0.24,6,Neutral,Neutral
JJA,1978,26.61,-0.37,7,Neutral,Neutral
JAS,1978,26.32,-0.37,8,Neutral,Neutral
ASO,1978,26.08,-0.44,9,Neutral,Neutral
SON,1978,26.22,-0.27,10,Neutral,Neutral
OND,1978,26.4,-0.07,11,Neutral,Neutral
NDJ,1978,26.54,0.11,12,Neutral,Neutral
DJF,1979,26.67,0.19,1,Neutral,Neutral
JFM,1979,26.88,0.21,2,Neutral,Neutral
FMA,1979,27.31,0.29,3,Neutral,Neutral
MAM,1979,27.64,0.32,4,Neutral,Neutral
AMJ,1979,27.73,0.29,5,Neutral,Neutral
MJJ,1979,27.43,0.14,6,Neutral,Neutral
JJA,1979,27.07,0.09,7,Neutral,Neutral
JAS,1979,26.91,0.22,8,Neutral,Neutral
ASO,1979,26.86,0.34,9,Neutral,Neutral
SON,1979,26.96,0.47,10,Neutral,Neutral
OND,1979,26.97,0.5,11,El Nino,El Nino
NDJ,1979,27.07,0.64,12,El Nino,El Nino
DJF,1980,27.09,0.62,1,El Nino,El Nino
JFM,1980,27.14,0.47,2,Neutral,Neutral
FMA,1980,27.37,0.35,3,Neutral,Neutral
MAM,1980,27.67,0.34,4,Neutral,Neutral
AMJ,1980,27.9,0.45,5,Neutral,Neutral
MJJ,1980,27.68,0.4,6,Neutral,Neutral
JJA,1980,27.16,0.18,7,Neutral,Neutral
JAS,1980,26.62,-0.06,8,Neutral,Neutral
ASO,1980,26.36,-0.17,9,Neutral,Neutral
SON,1980,26.42,-0.07,10,Neutral,Neutral
OND,1980,26.55,0.08,11,Neutral,Neutral
NDJ,1980,26.44,-0.05,12,Neutral,Neutral
DJF,1981,26.31,-0.27,1,Neutral,Neutral
JFM,1981,26.4,-0.42,2,Neutral,Neutral
FMA,1981,26.76,-0.41,3,Neutral,Neutral
MAM,1981,27.21,-0.27,4,Neutral,Neutral
AMJ,1981,27.3,-0.28,5,Neutral,Neutral
MJJ,1981,27.12,-0.27,6,Neutral,Neutral
JJA,1981,26.77,-0.28,7,Neutral,Neutral
JAS,1981,26.51,-0.23,8,Neutral,Neutral
ASO,1981,26.49,-0.08,9,Neutral,Neutral
SON,1981,26.38,-0.16,10,Neutral,Neutral
OND,1981,26.34,-0.19,11,Neutral,Neutral
NDJ,1981,26.4,-0.14,12,Neutral,Neutral
DJF,1982,26.55,-0.05,1,Neutral,Neutral
JFM,1982,26.83,0.02,2,Neutral,Neutral
FMA,1982,27.23,0.07,3,Neutral,Neutral
MAM,1982,27.82,0.34,4,Neutral,Neutral
AMJ,1982,28.23,0.65,5,El Nino,El Nino
MJJ,1982,28.12,0.73,6,El Nino,El Nino
JJA,1982,27.82,0.78,7,El Nino,El Nino
JAS,1982,27.72,0.99,8,El Nino,El Nino
ASO,1982,28.02,1.45,9,El Nino,El Nino
SON,1982,28.36,1.82,10,Strong El Nino,El Nino
OND,1982,28.56,2.03,11,Strong El Nino,El Nino
NDJ,1982,28.66,2.12,12,Strong El Nino,El Nino
DJF,1983,28.74,2.14,1,Strong El Nino,El Nino
JFM,1983,28.73,1.91,2,Strong El Nino,El Nino
FMA,1983,28.69,1.52,3,Strong El Nino,El Nino
MAM,1983,28.7,1.23,4,El Nino,El Nino
AMJ,1983,28.53,0.95,5,El Nino,El Nino
MJJ,1983,28.01,0.62,6,El Nino,El Nino
JJA,1983,27.29,0.25,7,Neutral,Neutral
JAS,1983,26.67,-0.06,8,Neutral,Neutral
ASO,1983,26.14,-0.43,9,Neutral,Neutral
SON,1983,25.78,-0.76,10,La Nina,La Nina
OND,1983,25.56,-0.96,11,La Nina,La Nina
NDJ,1983,25.65,-0.89,12,La Nina,La Nina
DJF,1984,25.97,-0.63,1,La Nina,La Nina
JFM,1984,26.3,-0.51,2,La Nina,La Nina
FMA,1984,26.78,-0.38,3,Neutral,Neutral
MAM,1984,27.0,-0.47,4,Neutral,Neutral
AMJ,1984,27.04,-0.55,5,La Nina,La Nina
MJJ,1984,26.87,-0.52,6,La Nina,La Nina
JJA,1984,26.65,-0.39,7,Neutral,Neutral
JAS,1984,26.51,-0.22,8,Neutral,Neutral
ASO,1984,26.25,-0.32,9,Neutral,Neutral
SON,1984,25.92,-0.62,10,La Nina,La Nina
OND,1984,25.57,-0.95,11,La Nina,La Nina
NDJ,1984,25.48,-1.06,12,La Nina,La Nina
DJF,1985,25.59,-1.01,1,La Nina,La Nina
JFM,1985,25.95,-0.86,2,La Nina,La Nina
FMA,1985,26.31,-0.85,3,La Nina,La Nina
MAM,1985,26.67,-0.8,4,La Nina,La Nina
AMJ,1985,26.8,-0.79,5,La Nina,La Nina
MJJ,1985,26.79,-0.6,6,La Nina,La Nina
JJA,1985,26.6,-0.44,7,Neutral,Neutral
JAS,1985,26.41,-0.33,8,Neutral,Neutral
ASO,1985,26.26,-0.31,9,Neutral,Neutral
SON,1985,26.24,-0.3,10,Neutral,Neutral
OND,1985,26.25,-0.28,11,Neutral,Neutral
NDJ,1985,26.15,-0.36,12,Neutral,Neutral
DJF,1986,26.15,-0.4,1,Neutral,Neutral
JFM,1986,26.38,-0.38,2,Neutral,Neutral
FMA,1986,26.89,-0.25,3,Neutral,Neutral
MAM,1986,27.31,-0.17,4,Neutral,Neutral
AMJ,1986,27.5,-0.09,5,Neutral,Neutral
MJJ,1986,27.42,0.02,6,Neutral,Neutral
JJA,1986,27.29,0.24,7,Neutral,Neutral
JAS,1986,27.22,0.46,8,Neutral,Neutral
ASO,1986,27.24,0.64,9,El Nino,El Nino
SON,1986,27.42,0.86,10,El Nino,El Nino
OND,1986,27.57,1.06,11,El Nino,El Nino
NDJ,1986,27.69,1.21,12,El Nino,El Nino
DJF,1987,27.72,1.18,1,El Nino,El Nino
JFM,1987,27.89,1.13,2,El Nino,El Nino
FMA,1987,28.16,1.02,3,El Nino,El Nino
MAM,1987,28.42,0.94,4,El Nino,El Nino
AMJ,1987,28.53,0.95,5,El Nino,El Nino
MJJ,1987,28.51,1.11,6,El Nino,El Nino
JJA,1987,28.35,1.3,7,El Nino,El Nino
JAS,1987,28.23,1.46,8,El Nino,El Nino
ASO,1987,28.1,1.49,9,El Nino,El Nino
SON,1987,27.97,1.41,10,El Nino,El Nino
OND,1987,27.72,1.2,11,El Nino,El Nino
NDJ,1987,27.49,1.0,12,El Nino,El Nino
DJF,1988,27.17,0.63,1,El Nino,El Nino
JFM,1988,27.13,0.37,2,Neutral,Neutral
FMA,1988,27.11,-0.03,3,Neutral,Neutral
MAM,1988,27.03,-0.45,4,Neutral,Neutral
AMJ,1988,26.6,-0.99,5,La Nina,La Nina
MJJ,1988,26.09,-1.3,6,La Nina,La Nina
JJA,1988,25.75,-1.3,7,La Nina,La Nina
JAS,1988,25.63,-1.14,8,La Nina,La Nina
ASO,1988,25.34,-1.27,9,La Nina,La Nina
SON,1988,25.01,-1.54,10,Strong La Nina,La Nina
OND,1988,24.7,-1.81,11,Strong La Nina,La Nina
NDJ,1988,24.64,-1.85,12,Strong La Nina,La Nina
DJF,1989,24.91,-1.64,1,Strong La Nina,La Nina
JFM,1989,25.39,-1.38,2,La Nina,La Nina
FMA,1989,26.05,-1.09,3,La Nina,La Nina
MAM,1989,26.63,-0.85,4,La Nina,La Nina
AMJ,1989,26.98,-0.61,5,La Nina,La Nina
MJJ,1989,27.0,-0.4,6,Neutral,Neutral
JJA,1989,26.68,-0.37,7,Neutral,Neutral
JAS,1989,26.41,-0.36,8,Neutral,Neutral
ASO,1989,26.28,-0.33,9,Neutral,Neutral
SON,1989,26.31,-0.25,10,Neutral,Neutral
OND,1989,26.39,-0.12,11,Neutral,Neutral
NDJ,1989,26.45,-0.04,12,Neutral,Neutral
DJF,1990,26.73,0.18,1,Neutral,Neutral
JFM,1990,26.95,0.19,2,Neutral,Neutral
FMA,1990,27.44,0.3,3,Neutral,Neutral
MAM,1990,27.75,0.27,4,Neutral,Neutral
AMJ,1990,27.84,0.25,5,Neutral,Neutral
MJJ,1990,27.65,0.25,6,Neutral,Neutral
JJA,1990,27.31,0.26,7,Neutral,Neutral
JAS,1990,27.08,0.32,8,Neutral,Neutral
ASO,1990,26.92,0.31,9,Neutral,Neutral
SON,1990,26.83,0.27,10,Neutral,Neutral
OND,1990,26.82,0.31,11,Neutral,Neutral
NDJ,1990,26.88,0.34,12,Neutral,Neutral
DJF,1991,26.99,0.35,1,Neutral,Neutral
JFM,1991,27.16,0.26,2,Neutral,Neutral
FMA,1991,27.5,0.23,3,Neutral,Neutral
MAM,1991,27.9,0.29,4,Neutral,Neutral
AMJ,1991,28.21,0.49,5,Neutral,Neutral
MJJ,1991,28.18,0.63,6,El Nino,El Nino
JJA,1991,27.97,0.77,7,El Nino,El Nino
JAS,1991,27.6,0.67,8,El Nino,El Nino
ASO,1991,27.49,0.72,9,El Nino,El Nino
SON,1991,27.57,0.83,10,El Nino,El Nino
OND,1991,27.89,1.18,11,El Nino,El Nino
NDJ,1991,28.09,1.43,12,El Nino,El Nino
DJF,1992,28.24,1.54,1,Strong El Nino,El Nino
JFM,1992,28.4,1.5,2,Strong El Nino,El Nino
FMA,1992,28.67,1.4,3,El Nino,El Nino
MAM,1992,28.91,1.3,4,El Nino,El Nino
AMJ,1992,28.8,1.08,5,El Nino,El Nino
MJJ,1992,28.27,0.72,6,El Nino,El Nino
JJA,1992,27.55,0.35,7,Neutral,Neutral
JAS,1992,27.0,0.08,8,Neutral,Neutral
ASO,1992,26.63,-0.15,9,Neutral,Neutral
SON,1992,26.52,-0.22,10,Neutral,Neutral
OND,1992,26.47,-0.24,11,Neutral,Neutral
NDJ,1992,26.62,-0.05,12,Neutral,Neutral
DJF,1993,26.82,0.13,1,Neutral,Neutral
JFM,1993,27.21,0.31,2,Neutral,Neutral
FMA,1993,27.76,0.5,3,El Nino,El Nino
MAM,1993,28.34,0.73,4,El Nino,El Nino
AMJ,1993,28.48,0.76,5,El Nino,El Nino
MJJ,1993,28.11,0.56,6,El Nino,El Nino
JJA,1993,27.48,0.28,7,Neutral,Neutral
JAS,1993,27.14,0.22,8,Neutral,Neutral
ASO,1993,26.98,0.2,9,Neutral,Neutral
SON,1993,26.95,0.2,10,Neutral,Neutral
OND,1993,26.9,0.2,11,Neutral,Neutral
NDJ,1993,26.85,0.19,12,Neutral,Neutral
DJF,1994,26.77,0.07,1,Neutral,Neutral
JFM,1994,26.9,0.0,2,Neutral,Neutral
FMA,1994,27.31,0.04,3,Neutral,Neutral
MAM,1994,27.78,0.17,4,Neutral,Neutral
AMJ,1994,27.97,0.25,5,Neutral,Neutral
MJJ,1994,27.78,0.23,6,Neutral,Neutral
JJA,1994,27.51,0.3,7,Neutral,Neutral
JAS,1994,27.22,0.3,8,Neutral,Neutral
ASO,1994,27.25,0.47,9,Neutral,Neutral
SON,1994,27.4,0.66,10,El Nino,El Nino
OND,1994,27.64,0.93,11,El Nino,El Nino
NDJ,1994,27.64,0.97,12,El Nino,El Nino
DJF,1995,27.58,0.88,1,El Nino,El Nino
JFM,1995,27.56,0.65,2,El Nino,El Nino
FMA,1995,27.73,0.46,3,Neutral,Neutral
MAM,1995,27.8,0.19,4,Neutral,Neutral
AMJ,1995,27.75,0.03,5,Neutral,Neutral
MJJ,1995,27.43,-0.11,6,Neutral,Neutral
JJA,1995,26.91,-0.3,7,Neutral,Neutral
JAS,1995,26.38,-0.55,8,La Nina,La Nina
ASO,1995,25.97,-0.81,9,La Nina,La Nina
SON,1995,25.78,-0.97,10,La Nina,La Nina
OND,1995,25.66,-1.05,11,La Nina,La Nina
NDJ,1995,25.64,-1.01,12,La Nina,La Nina
DJF,1996,25.78,-0.88,1,La Nina,La Nina
JFM,1996,26.15,-0.7,2,La Nina,La Nina
FMA,1996,26.72,-0.52,3,La Nina,La Nina
MAM,1996,27.25,-0.36,4,Neutral,Neutral
AMJ,1996,27.48,-0.25,5,Neutral,Neutral
MJJ,1996,27.3,-0.24,6,Neutral,Neutral
JJA,1996,26.99,-0.22,7,Neutral,Neutral
JAS,1996,26.65,-0.27,8,Neutral,Neutral
ASO,1996,26.45,-0.3,9,Neutral,Neutral
SON,1996,26.35,-0.33,10,Neutral,Neutral
OND,1996,26.24,-0.39,11,Neutral,Neutral
NDJ,1996,26.18,-0.41,12,Neutral,Neutral
DJF,1997,26.23,-0.41,1,Neutral,Neutral
JFM,1997,26.59,-0.26,2,Neutral,Neutral
FMA,1997,27.21,-0.03,3,Neutral,Neutral
MAM,1997,27.9,0.3,4,Neutral,Neutral
AMJ,1997,28.44,0.71,5,El Nino,El Nino
MJJ,1997,28.67,1.13,6,El Nino,El Nino
JJA,1997,28.69,1.48,7,El Nino,El Nino
JAS,1997,28.7,1.79,8,Strong El Nino,El Nino
ASO,1997,28.78,2.04,9,Strong El Nino,El Nino
SON,1997,28.92,2.24,10,Strong El Nino,El Nino
OND,1997,28.97,2.34,11,Strong El Nino,El Nino
NDJ,1997,28.96,2.37,12,Strong El Nino,El Nino
DJF,1998,28.85,2.22,1,Strong El Nino,El Nino
JFM,1998,28.76,1.91,2,Strong El Nino,El Nino
FMA,1998,28.64,1.4,3,El Nino,El Nino
MAM,1998,28.63,1.03,4,El Nino,El Nino
AMJ,1998,28.13,0.4,5,Neutral,Neutral
MJJ,1998,27.46,-0.08,6,Neutral,Neutral
JJA,1998,26.57,-0.63,7,La Nina,La Nina
JAS,1998,26.08,-0.83,8,La Nina,La Nina
ASO,1998,25.73,-1.02,9,La Nina,La Nina
SON,1998,25.56,-1.12,10,La Nina,La Nina
OND,1998,25.32,-1.31,11,La Nina,La Nina
NDJ,1998,25.12,-1.47,12,La Nina,La Nina
DJF,1999,25.12,-1.51,1,Strong La Nina,La Nina
JFM,1999,25.6,-1.25,2,La Nina,La Nina
FMA,1999,26.31,-0.93,3,La Nina,La Nina
MAM,1999,26.8,-0.8,4,La Nina,La Nina
AMJ,1999,26.94,-0.79,5,La Nina,La Nina
MJJ,1999,26.7,-0.84,6,La Nina,La Nina
JJA,1999,26.3,-0.9,7,La Nina,La Nina
JAS,1999,25.97,-0.94,8,La Nina,La Nina
ASO,1999,25.75,-1.0,9,La Nina,La Nina
SON,1999,25.55,-1.13,10,La Nina,La Nina
OND,1999,25.27,-1.35,11,La Nina,La Nina
NDJ,1999,25.06,-1.53,12,Strong La Nina,La Nina
DJF,2000,25.17,-1.47,1,La Nina,La Nina
JFM,2000,25.59,-1.26,2,La Nina,La Nina
FMA,2000,26.26,-0.98,3,La Nina,La Nina
MAM,2000,26.79,-0.81,4,La Nina,La Nina
AMJ,2000,27.06,-0.67,5,La Nina,La Nina
MJJ,2000,26.92,-0.62,6,La Nina,La Nina
JJA,2000,26.73,-0.48,7,Neutral,Neutral
JAS,2000,26.52,-0.4,8,Neutral,Neutral
ASO,2000,26.33,-0.42,9,Neutral,Neutral
SON,2000,26.14,-0.54,10,La Nina,La Nina
OND,2000,25.87,-0.76,11,La Nina,La Nina
NDJ,2000,25.78,-0.78,12,La Nina,La Nina
DJF,2001,25.82,-0.76,1,La Nina,La Nina
JFM,2001,26.25,-0.54,2,La Nina,La Nina
FMA,2001,26.79,-0.43,3,Neutral,Neutral
MAM,2001,27.34,-0.29,4,Neutral,Neutral
AMJ,2001,27.59,-0.19,5,Neutral,Neutral
MJJ,2001,27.53,-0.08,6,Neutral,Neutral
JJA,2001,27.24,-0.05,7,Neutral,Neutral
JAS,2001,26.86,-0.13,8,Neutral,Neutral
ASO,2001,26.67,-0.15,9,Neutral,Neutral
SON,2001,26.52,-0.26,10,Neutral,Neutral
OND,2001,26.4,-0.33,11,Neutral,Neutral
NDJ,2001,26.32,-0.32,12,Neutral,Neutral
DJF,2002,26.46,-0.15,1,Neutral,Neutral
JFM,2002,26.86,0.07,2,Neutral,Neutral
FMA,2002,27.34,0.11,3,Neutral,Neutral
MAM,2002,27.78,0.15,4,Neutral,Neutral
AMJ,2002,28.08,0.3,5,Neutral,Neutral
MJJ,2002,28.05,0.45,6,Neutral,Neutral
JJA,2002,27.85,0.57,7,El Nino,El Nino
JAS,2002,27.62,0.63,8,El Nino,El Nino
ASO,2002,27.6,0.78,9,El Nino,El Nino
SON,2002,27.77,0.99,10,El Nino,El Nino
OND,2002,27.92,1.19,11,El Nino,El Nino
NDJ,2002,27.72,1.08,12,El Nino,El Nino
DJF,2003,27.51,0.9,1,El Nino,El Nino
JFM,2003,27.39,0.59,2,El Nino,El Nino
FMA,2003,27.61,0.38,3,Neutral,Neutral
MAM,2003,27.62,-0.01,4,Neutral,Neutral
AMJ,2003,27.6,-0.18,5,Neutral,Neutral
MJJ,2003,27.47,-0.13,6,Neutral,Neutral
JJA,2003,27.38,0.09,7,Neutral,Neutral
JAS,2003,27.13,0.14,8,Neutral,Neutral
ASO,2003,27.05,0.23,9,Neutral,Neutral
SON,2003,27.0,0.23,10,Neutral,Neutral
OND,2003,27.02,0.29,11,Neutral,Neutral
NDJ,2003,26.93,0.29,12,Neutral,Neutral
DJF,2004,26.95,0.34,1,Neutral,Neutral
JFM,2004,27.06,0.27,2,Neutral,Neutral
FMA,2004,27.41,0.19,3,Neutral,Neutral
MAM,2004,27.72,0.1,4,Neutral,Neutral
AMJ,2004,27.9,0.12,5,Neutral,Neutral
MJJ,2004,27.83,0.22,6,Neutral,Neutral
JJA,2004,27.67,0.39,7,Neutral,Neutral
JAS,2004,27.53,0.54,8,El Nino,El Nino
ASO,2004,27.4,0.58,9,El Nino,El Nino
SON,2004,27.38,0.61,10,El Nino,El Nino
OND,2004,27.37,0.64,11,El Nino,El Nino
NDJ,2004,27.34,0.71,12,El Nino,El Nino
DJF,2005,27.23,0.62,1,El Nino,El Nino
JFM,2005,27.35,0.55,2,El Nino,El Nino
FMA,2005,27.62,0.4,3,Neutral,Neutral
MAM,2005,27.99,0.37,4,Neutral,Neutral
AMJ,2005,28.05,0.27,5,Neutral,Neutral
MJJ,2005,27.7,0.09,6,Neutral,Neutral
JJA,2005,27.24,-0.04,7,Neutral,Neutral
JAS,2005,26.85,-0.14,8,Neutral,Neutral
ASO,2005,26.71,-0.11,9,Neutral,Neutral
SON,2005,26.5,-0.27,10,Neutral,Neutral
OND,2005,26.16,-0.57,11,La Nina,La Nina
NDJ,2005,25.86,-0.82,12,La Nina,La Nina
DJF,2006,25.83,-0.86,1,La Nina,La Nina
JFM,2006,26.11,-0.8,2,La Nina,La Nina
FMA,2006,26.71,-0.63,3,La Nina,La Nina
MAM,2006,27.28,-0.45,4,Neutral,Neutral
AMJ,2006,27.69,-0.19,5,Neutral,Neutral
MJJ,2006,27.63,-0.05,6,Neutral,Neutral
JJA,2006,27.45,0.12,7,Neutral,Neutral
JAS,2006,27.32,0.33,8,Neutral,Neutral
ASO,2006,27.34,0.54,9,El Nino,El Nino
SON,2006,27.47,0.71,10,El Nino,El Nino
OND,2006,27.6,0.88,11,El Nino,El Nino
NDJ,2006,27.55,0.88,12,El Nino,El Nino
DJF,2007,27.3,0.62,1,El Nino,El Nino
JFM,2007,27.1,0.19,2,Neutral,Neutral
FMA,2007,27.22,-0.12,3,Neutral,Neutral
MAM,2007,27.41,-0.32,4,Neutral,Neutral
AMJ,2007,27.54,-0.34,5,Neutral,Neutral
MJJ,2007,27.27,-0.41,6,Neutral,Neutral
JJA,2007,26.84,-0.49,7,Neutral,Neutral
JAS,2007,26.22,-0.77,8,La Nina,La Nina
ASO,2007,25.75,-1.05,9,La Nina,La Nina
SON,2007,25.38,-1.38,10,La Nina,La Nina
OND,2007,25.15,-1.57,11,Strong La Nina,La Nina
NDJ,2007,24.95,-1.72,12,Strong La Nina,La Nina
DJF,2008,24.92,-1.76,1,Strong La Nina,La Nina
JFM,2008,25.29,-1.61,2,Strong La Nina,La Nina
FMA,2008,25.97,-1.37,3,La Nina,La Nina
MAM,2008,26.69,-1.05,4,La Nina,La Nina
AMJ,2008,27.03,-0.85,5,La Nina,La Nina
MJJ,2008,27.13,-0.56,6,La Nina,La Nina
JJA,2008,26.99,-0.33,7,Neutral,Neutral
JAS,2008,26.78,-0.2,8,Neutral,Neutral
ASO,2008,26.55,-0.25,9,Neutral,Neutral
SON,2008,26.4,-0.36,10,Neutral,Neutral
OND,2008,26.15,-0.57,11,La Nina,La Nina
NDJ,2008,25.87,-0.79,12,La Nina,La Nina
DJF,2009,25.79,-0.89,1,La Nina,La Nina
JFM,2009,26.07,-0.84,2,La Nina,La Nina
FMA,2009,26.71,-0.63,3,La Nina,La Nina
MAM,2009,27.38,-0.35,4,Neutral,Neutral
AMJ,2009,27.91,0.03,5,Neutral,Neutral
MJJ,2009,28.03,0.34,6,Neutral,Neutral
JJA,2009,27.82,0.5,7,El Nino,El Nino
JAS,2009,27.55,0.56,8,El Nino,El Nino
ASO,2009,27.46,0.66,9,El Nino,El Nino
SON,2009,27.68,0.92,10,El Nino,El Nino
OND,2009,28.02,1.31,11,El Nino,El Nino
NDJ,2009,28.16,1.5,12,Strong El Nino,El Nino
DJF,2010,28.15,1.47,1,El Nino,El Nino
JFM,2010,28.11,1.21,2,El Nino,El Nino
FMA,2010,28.22,0.88,3,El Nino,El Nino
MAM,2010,28.11,0.38,4,Neutral,Neutral
AMJ,2010,27.72,-0.16,5,Neutral,Neutral
MJJ,2010,27.03,-0.66,6,La Nina,La Nina
JJA,2010,26.34,-0.98,7,La Nina,La Nina
JAS,2010,25.74,-1.24,8,La Nina,La Nina
ASO,2010,25.37,-1.43,9,La Nina,La Nina
SON,2010,25.21,-1.54,10,Strong La Nina,La Nina
OND,2010,25.14,-1.57,11,Strong La Nina,La Nina
NDJ,2010,25.14,-1.48,12,La Nina,La Nina
DJF,2011,25.28,-1.29,1,La Nina,La Nina
JFM,2011,25.72,-1.06,2,La Nina,La Nina
FMA,2011,26.37,-0.85,3,La Nina,La Nina
MAM,2011,26.95,-0.68,4,La Nina,La Nina
AMJ,2011,27.29,-0.5,5,La Nina,La Nina
MJJ,2011,27.29,-0.34,6,Neutral,Neutral
JJA,2011,26.92,-0.37,7,Neutral,Neutral
JAS,2011,26.45,-0.5,8,La Nina,La Nina
ASO,2011,26.0,-0.76,9,La Nina,La Nina
SON,2011,25.77,-0.94,10,La Nina,La Nina
OND,2011,25.63,-1.02,11,La Nina,La Nina
NDJ,2011,25.64,-0.92,12,La Nina,La Nina
DJF,2012,25.84,-0.71,1,La Nina,La Nina
JFM,2012,26.22,-0.56,2,La Nina,La Nina
FMA,2012,26.79,-0.44,3,Neutral,Neutral
MAM,2012,27.29,-0.35,4,Neutral,Neutral
AMJ,2012,27.62,-0.18,5,Neutral,Neutral
MJJ,2012,27.66,0.03,6,Neutral,Neutral
JJA,2012,27.57,0.28,7,Neutral,Neutral
JAS,2012,27.35,0.39,8,Neutral,Neutral
ASO,2012,27.13,0.37,9,Neutral,Neutral
SON,2012,26.99,0.28,10,Neutral,Neutral
OND,2012,26.78,0.13,11,Neutral,Neutral
NDJ,2012,26.53,-0.03,12,Neutral,Neutral
DJF,2013,26.3,-0.24,1,Neutral,Neutral
JFM,2013,26.5,-0.28,2,Neutral,Neutral
FMA,2013,27.0,-0.23,3,Neutral,Neutral
MAM,2013,27.43,-0.2,4,Neutral,Neutral
AMJ,2013,27.49,-0.3,5,Neutral,Neutral
MJJ,2013,27.24,-0.38,6,Neutral,Neutral
JJA,2013,26.84,-0.45,7,Neutral,Neutral
JAS,2013,26.61,-0.34,8,Neutral,Neutral
ASO,2013,26.45,-0.32,9,Neutral,Neutral
SON,2013,26.57,-0.14,10,Neutral,Neutral
OND,2013,26.53,-0.12,11,Neutral,Neutral
NDJ,2013,26.45,-0.11,12,Neutral,Neutral
DJF,2014,26.31,-0.24,1,Neutral,Neutral
JFM,2014,26.57,-0.21,2,Neutral,Neutral
FMA,2014,27.21,-0.02,3,Neutral,Neutral
MAM,2014,27.88,0.25,4,Neutral,Neutral
AMJ,2014,28.14,0.35,5,Neutral,Neutral
MJJ,2014,27.84,0.22,6,Neutral,Neutral
JJA,2014,27.36,0.07,7,Neutral,Neutral
JAS,2014,27.03,0.07,8,Neutral,Neutral
ASO,2014,27.0,0.24,9,Neutral,Neutral
SON,2014,27.22,0.51,10,El Nino,El Nino
OND,2014,27.35,0.7,11,El Nino,El Nino
NDJ,2014,27.36,0.8,12,El Nino,El Nino
DJF,2015,27.28,0.73,1,El Nino,El Nino
JFM,2015,27.43,0.65,2,El Nino,El Nino
FMA,2015,27.95,0.72,3,El Nino,El Nino
MAM,2015,28.49,0.86,4,El Nino,El Nino
AMJ,2015,28.83,1.04,5,El Nino,El Nino
MJJ,2015,28.82,1.19,6,El Nino,El Nino
JJA,2015,28.73,1.44,7,El Nino,El Nino
JAS,2015,28.69,1.73,8,Strong El Nino,El Nino
ASO,2015,28.79,2.02,9,Strong El Nino,El Nino
SON,2015,28.99,2.28,10,Strong El Nino,El Nino
OND,2015,29.1,2.45,11,Strong El Nino,El Nino
NDJ,2015,29.15,2.59,12,Strong El Nino,El Nino
DJF,2016,29.05,2.5,1,Strong El Nino,El Nino
JFM,2016,28.99,2.21,2,Strong El Nino,El Nino
FMA,2016,28.92,1.69,3,Strong El Nino,El Nino
MAM,2016,28.74,1.11,4,El Nino,El Nino
AMJ,2016,28.37,0.57,5,El Nino,El Nino
MJJ,2016,27.72,0.09,6,Neutral,Neutral
JJA,2016,27.1,-0.19,7,Neutral,Neutral
JAS,2016,26.62,-0.34,8,Neutral,Neutral
ASO,2016,26.34,-0.42,9,Neutral,Neutral
SON,2016,26.2,-0.51,10,La Nina,La Nina
OND,2016,26.16,-0.49,11,Neutral,Neutral
NDJ,2016,26.19,-0.37,12,Neutral,Neutral
DJF,2017,26.47,-0.08,1,Neutral,Neutral
JFM,2017,26.86,0.08,2,Neutral,Neutral
FMA,2017,27.5,0.27,3,Neutral,Neutral
MAM,2017,27.95,0.32,4,Neutral,Neutral
AMJ,2017,28.15,0.35,5,Neutral,Neutral
MJJ,2017,27.94,0.32,6,Neutral,Neutral
JJA,2017,27.43,0.14,7,Neutral,Neutral
JAS,2017,26.89,-0.07,8,Neutral,Neutral
ASO,2017,26.54,-0.23,9,Neutral,Neutral
SON,2017,26.27,-0.44,10,Neutral,Neutral
OND,2017,26.04,-0.61,11,La Nina,La Nina
NDJ,2017,25.8,-0.76,12,La Nina,La Nina
DJF,2018,25.83,-0.71,1,La Nina,La Nina
JFM,2018,26.11,-0.67,2,La Nina,La Nina
FMA,2018,26.68,-0.55,3,La Nina,La Nina
MAM,2018,27.28,-0.35,4,Neutral,Neutral
AMJ,2018,27.72,-0.07,5,Neutral,Neutral
MJJ,2018,27.76,0.13,6,Neutral,Neutral
JJA,2018,27.49,0.2,7,Neutral,Neutral
JAS,2018,27.25,0.3,8,Neutral,Neutral
ASO,2018,27.28,0.52,9,El Nino,El Nino
SON,2018,27.53,0.82,10,El Nino,El Nino
OND,2018,27.69,1.04,11,El Nino,El Nino
NDJ,2018,27.61,1.05,12,El Nino,El Nino
DJF,2019,27.54,0.99,1,El Nino,El Nino
JFM,2019,27.72,0.94,2,El Nino,El Nino
FMA,2019,28.1,0.87,3,El Nino,El Nino
MAM,2019,28.45,0.82,4,El Nino,El Nino
AMJ,2019,28.5,0.71,5,El Nino,El Nino
MJJ,2019,28.21,0.59,6,El Nino,El Nino
JJA,2019,27.67,0.38,7,Neutral,Neutral
JAS,2019,27.16,0.2,8,Neutral,Neutral
ASO,2019,27.07,0.31,9,Neutral,Neutral
SON,2019,27.22,0.51,10,El Nino,El Nino
OND,2019,27.37,0.72,11,El Nino,El Nino
NDJ,2019,27.31,0.75,12,El Nino,El Nino
DJF,2020,27.25,0.71,1,El Nino,El Nino
JFM,2020,27.44,0.66,2,El Nino,El Nino
FMA,2020,27.8,0.57,3,El Nino,El Nino
MAM,2020,27.97,0.33,4,Neutral,Neutral
AMJ,2020,27.83,0.04,5,Neutral,Neutral
MJJ,2020,27.45,-0.18,6,Neutral,Neutral
JJA,2020,27.0,-0.29,7,Neutral,Neutral
JAS,2020,26.52,-0.43,8,Neutral,Neutral
ASO,2020,25.99,-0.77,9,La Nina,La Nina
SON,2020,25.71,-1.0,10,La Nina,La Nina
OND,2020,25.54,-1.11,11,La Nina,La Nina
NDJ,2020,25.5,-1.06,12,La Nina,La Nina
DJF,2021,25.55,-0.99,1,La Nina,La Nina
JFM,2021,25.92,-0.85,2,La Nina,La Nina
FMA,2021,26.48,-0.74,3,La Nina,La Nina
MAM,2021,27.07,-0.56,4,La Nina,La Nina
AMJ,2021,27.39,-0.4,5,Neutral,Neutral
MJJ,2021,27.31,-0.31,6,Neutral,Neutral
JJA,2021,26.95,-0.35,7,Neutral,Neutral
JAS,2021,26.49,-0.46,8,Neutral,Neutral
ASO,2021,26.13,-0.64,9,La Nina,La Nina
SON,2021,25.94,-0.77,10,La Nina,La Nina
OND,2021,25.74,-0.91,11,La Nina,La Nina
NDJ,2021,25.73,-0.83,12,La Nina,La Nina
DJF,2022,25.79,-0.76,1,La Nina,La Nina
JFM,2022,26.09,-0.68,2,La Nina,La Nina
FMA,2022,26.46,-0.77,3,La Nina,La Nina
MAM,2022,26.77,-0.86,4,La Nina,La Nina
AMJ,2022,26.96,-0.83,5,La Nina,La Nina
MJJ,2022,26.9,-0.73,6,La Nina,La Nina
JJA,2022,26.59,-0.7,7,La Nina,La Nina
JAS,2022,26.18,-0.78,8,La Nina,La Nina
ASO,2022,25.89,-0.87,9,La Nina,La Nina
SON,2022,25.82,-0.89,10,La Nina,La Nina
OND,2022,25.83,-0.82,11,La Nina,La Nina
NDJ,2022,25.86,-0.7,12,La Nina,La Nina
DJF,2023,26.0,-0.55,1,La Nina,La Nina
JFM,2023,26.45,-0.33,2,Neutral,Neutral
FMA,2023,27.12,-0.11,3,Neutral,Neutral
MAM,2023,27.82,0.19,4,Neutral,Neutral
AMJ,2023,28.25,0.46,5,Neutral,Neutral
MJJ,2023,28.36,0.73,6,El Nino,El Nino
JJA,2023,28.29,1.0,7,El Nino,El Nino
JAS,2023,28.21,1.25,8,El Nino,El Nino
ASO,2023,28.26,1.5,9,Strong El Nino,El Nino
SON,2023,28.45,1.74,10,Strong El Nino,El Nino
OND,2023,28.55,1.9,11,Strong El Nino,El Nino
NDJ,2023,28.55,1.99,12,Strong El Nino,El Nino
DJF,2024,28.38,1.84,1,Strong El Nino,El Nino
JFM,2024,28.3,1.53,2,Strong El Nino,El Nino
FMA,2024,28.4,1.18,3,El Nino,El Nino
MAM,2024,28.4,0.77,4,El Nino,El Nino
AMJ,2024,28.23,0.43,5,Neutral,Neutral
MJJ,2024,27.8,0.18,6,Neutral,Neutral
JJA,2024,27.35,0.06,7,Neutral,Neutral
JAS,2024,26.92,-0.04,8,Neutral,Neutral
ASO,2024,26.64,-0.12,9,Neutral,Neutral
SON,2024,26.52,-0.19,10,Neutral,Neutral
OND,2024,26.35,-0.29,11,Neutral,Neutral
NDJ,2024,26.13,-0.43,12,Neutral,Neutral
DJF,2025,26.09,-0.46,1,Neutral,Neutral
JFM,2025,26.56,-0.22,2,Neutral,Neutral
FMA,2025,27.15,-0.08,3,Neutral,Neutral
MAM,2025,27.65,0.02,4,Neutral,Neutral
AMJ,2025,27.76,-0.04,5,Neutral,Neutral
MJJ,2025,27.61,-0.02,6,Neutral,Neutral
JJA,2025,27.18,-0.11,7,Neutral,Neutral
JAS,2025,26.7,-0.26,8,Neutral,Neutral
ASO,2025,26.33,-0.43,9,Neutral,Neutral
SON,2025,26.14,-0.57,10,La Nina,La Nina
OND,2025,26.04,-0.61,11,La Nina,La Nina
NDJ,2025,25.96,-0.6,12,La Nina,La Nina
DJF,2026,26.15,-0.39,1,Neutral,Neutral
JFM,2026,26.57,-0.21,2,Neutral,Neutral
FMA,2026,27.34,0.11,3,Neutral,Neutral
MAM,2026,28.09,0.46,4,Neutral,Neutral
AMJ,2026,28.74,0.95,5,El Nino,El Nino
MJJ,2026,29.02,1.39,6,El Nino,El Nino
JJA,2026,29.09,1.8,7,Strong El Nino,El Nino
JAS,2026,29.12,2.16,8,Strong El Nino,El Nino
