zone_id,date,front_f_per_nm,front_mean_f_per_nm,sst_spread_f
sd_bay,2026-08-20,0.1119760697870102,0.07294131863240065,0.7434000000000005
mission_bay,2026-08-20,0.12656295940652756,0.06346986126322496,0.7109999999999992
surf_zone,2026-08-20,0.27124690391652134,0.1705142719386068,1.6434000000000004
pt_loma_kelp,2026-08-20,0.0981580167949574,0.04868679426322611,0.5489999999999995
la_jolla,2026-08-20,0.28690673742246514,0.12385039930782443,1.0601999999999976
nine_mile,2026-08-20,0.1847842687526475,0.07525238701468853,0.923400000000003
coronados,2026-08-20,0.09442589101156466,0.03925504558523811,0.3293999999999997
outer_banks,2026-08-20,0.21202102948123933,0.09917955818878477,0.8945999999999998
cortez_tanner,2026-08-20,0.1266728219709977,0.09522894364690311,1.1880000000000002
sd_bay,2026-08-21,0.12043261727802164,0.0642378316626644,0.6930000000000028
mission_bay,2026-08-21,0.18020017824846252,0.07885964996500563,0.6138000000000019
surf_zone,2026-08-21,0.44682060196702234,0.24628084696738067,1.7352000000000039
pt_loma_kelp,2026-08-21,0.11169820057609722,0.05016836955471581,0.5543999999999997
la_jolla,2026-08-21,0.4696192237474756,0.1802459297958868,1.9674
nine_mile,2026-08-21,0.21008452500979052,0.1099887970616715,1.0457999999999992
coronados,2026-08-21,0.14442952451564756,0.044811166186573624,0.422999999999999
outer_banks,2026-08-21,0.4092985035144775,0.17500798086971803,1.4724000000000026
cortez_tanner,2026-08-21,0.2284897570407638,0.1330035230398678,1.6469999999999985
sd_bay,2026-08-22,0.14912947162788207,0.06297374962777355,0.6030000000000015
mission_bay,2026-08-22,0.13990892082587358,0.08021684562893219,0.5562000000000019
surf_zone,2026-08-22,0.6822278665788477,0.289980512706022,1.3878000000000015
pt_loma_kelp,2026-08-22,0.2431771875773833,0.10373425745503803,1.1358000000000004
la_jolla,2026-08-22,0.6440885947570807,0.1784380956997687,1.9637999999999955
nine_mile,2026-08-22,0.276150494572682,0.13118087689862107,1.006200000000002
coronados,2026-08-22,0.34116807080713213,0.1959148365350745,1.7226000000000012
outer_banks,2026-08-22,0.28165643193922196,0.11505794223357024,0.8136000000000031
cortez_tanner,2026-08-22,0.2813279742355098,0.17247946906133751,2.0717999999999996
sd_bay,2026-08-23,0.18041636003089395,0.06750122260416519,0.46259999999999624
mission_bay,2026-08-23,0.128277559385843,0.05099622989930361,0.39420000000000216
surf_zone,2026-08-23,0.43054886146539084,0.22001018502063593,1.1141999999999996
pt_loma_kelp,2026-08-23,0.2568227091085932,0.10717587159924981,1.2384000000000044
la_jolla,2026-08-23,0.4149750637197596,0.13955063115549873,0.9090000000000046
nine_mile,2026-08-23,0.21888789958685698,0.08890109891299855,0.8261999999999994
coronados,2026-08-23,0.32695965747238637,0.19527988604959193,1.8684000000000005
outer_banks,2026-08-23,0.1630816555612885,0.08064369196679944,0.7830000000000041
cortez_tanner,2026-08-23,0.46456943024947994,0.149708295607402,1.888199999999999
sd_bay,2026-08-24,0.4716001199772736,0.26319439013633805,2.095199999999996
mission_bay,2026-08-24,0.4300270696064926,0.25780614557248716,1.9404000000000052
surf_zone,2026-08-24,0.37780190085579296,0.18196758671450747,0.8603999999999964
pt_loma_kelp,2026-08-24,0.5337878527134932,0.24114595440577397,2.4786000000000046
la_jolla,2026-08-24,0.3294260324143651,0.13609639618589428,1.016999999999996
nine_mile,2026-08-24,0.3356121862811193,0.12917993033327482,0.8945999999999998
coronados,2026-08-24,0.406735390818674,0.20299743819767918,2.0123999999999973
outer_banks,2026-08-24,0.19665045553556398,0.11664280589900254,1.3752000000000053
cortez_tanner,2026-08-24,0.5873215601023831,0.21036121934193255,2.669400000000001
sd_bay,2026-08-25,0.7677828557825574,0.35450620019730944,2.3076
mission_bay,2026-08-25,0.7677828557825574,0.3676560726936946,2.1258000000000017
surf_zone,2026-08-25,0.4376621872835901,0.20594325405255723,0.9720000000000049
pt_loma_kelp,2026-08-25,0.7677828557825574,0.3131093406612947,2.921400000000002
la_jolla,2026-08-25,0.4006036492672204,0.1666826375394491,1.2708000000000055
nine_mile,2026-08-25,0.24975428297844204,0.08432846857654266,0.7956000000000003
coronados,2026-08-25,0.4671283140504555,0.16545394020896115,1.5894000000000048
outer_banks,2026-08-25,0.19425117707186365,0.09398450587308493,1.121400000000002
cortez_tanner,2026-08-25,0.8418538258955224,0.2274890101087926,3.2094000000000023
sd_bay,2026-08-26,0.6115552763404888,0.3535370873316129,2.6532000000000004
mission_bay,2026-08-26,0.5882171247275441,0.23904037311402904,2.0646000000000035
surf_zone,2026-08-26,0.05893242317047196,0.038236024714715294,0.26099999999999923
pt_loma_kelp,2026-08-26,0.6115552763404888,0.3449126860984333,2.4354000000000027
la_jolla,2026-08-26,0.2710355778028749,0.050878067481820034,0.4445999999999998
nine_mile,2026-08-26,0.27380155784526317,0.059951369525491335,0.43020000000000136
coronados,2026-08-26,0.6821864159081926,0.15074741595140234,1.4579999999999977
outer_banks,2026-08-26,0.2437845273524386,0.07673566460272184,0.5579999999999977
cortez_tanner,2026-08-26,0.5951448365958185,0.21616576400571422,2.8439999999999968
