tide_station,doy,shoresst_norm,shoresst_sd,shoresst_p10,shoresst_p50,shoresst_p90,shoresst_n,shoresst_years
9410170,1,60.35000808964857,1.726613219680095,58.59458333333334,59.395,62.865,151,12
9410170,2,60.31383309969732,1.7326312564112765,58.58745833333333,59.349999999999994,62.92125,152,12
9410170,3,60.28102556914239,1.7391261662184614,58.57633333333334,59.335,62.915000000000006,153,12
9410170,4,60.251971001526655,1.749026358489086,58.57233333333333,59.29083333333333,62.908750000000005,154,12
9410170,5,60.22691731182295,1.762217940618039,58.566583333333334,59.27,62.9025,155,12
9410170,6,60.20203484173558,1.7770163233029588,58.56166666666667,59.230000000000004,62.971041666666665,156,12
9410170,7,60.18061769390191,1.7930696808597566,58.55558333333333,59.20583333333333,63.02741666666666,157,12
9410170,8,60.17551535524758,1.8108115134414675,58.53508333333333,59.21666666666667,63.03383333333333,165,12
9410170,9,60.15943392800764,1.8311662008096774,58.52025,59.21666666666667,63.09096792189679,165,12
9410170,10,60.15053410074408,1.8502355739667895,58.501,59.21666666666667,63.16270083682008,165,12
9410170,11,60.15208503370567,1.8641787577521416,58.47741666666667,59.24100418410042,63.19233333333333,165,12
9410170,12,60.15545606647734,1.872243586740683,58.467416666666665,59.27,63.225953586497894,165,12
9410170,13,60.15368148917568,1.8744526550725655,58.467416666666665,59.27666666666666,63.19782108998464,165,12
9410170,14,60.15436175363407,1.8715732265749736,58.45416666666667,59.297916666666666,63.043301255230126,165,12
9410170,15,60.15941237568285,1.8688847990209525,58.43816666666667,59.33041666666667,62.807833333333335,165,12
9410170,16,60.167649365236194,1.8683432368398822,58.35666666666667,59.35416666666666,62.5385,165,12
9410170,17,60.17399444771363,1.8698127527775574,58.31858333333333,59.4425,62.382668410041845,165,12
9410170,18,60.1834416371731,1.8737523287701514,58.269666666666666,59.60889830508474,62.32424106044091,165,12
9410170,19,60.191138895365164,1.880014459000236,58.092749999999995,59.654621848739495,62.27243697478992,165,12
9410170,20,60.19938043448561,1.8825108930191146,57.82025,59.82083333333333,62.25275350140056,165,12
9410170,21,60.20878451154478,1.8805131194230407,57.766083333333334,60.03125,62.26642016806723,165,12
9410170,22,60.21998671863814,1.8769941120332077,57.727666666666664,60.141666666666666,62.27016912204213,165,12
9410170,23,60.23213791962101,1.8704474159502507,57.6825,60.22375,62.29361344537815,165,12
9410170,24,60.24292426407823,1.8637788154485826,57.5895,60.3075,62.33062761506276,165,12
9410170,25,60.24850197148352,1.8580169532329778,57.480333333333334,60.344166666666666,62.43916841004184,165,12
9410170,26,60.25302707294199,1.8545938348193005,57.53208333333333,60.35125,62.647416666666665,165,12
9410170,27,60.26473743284353,1.8542881544610224,57.569,60.405,62.84108333333333,165,12
9410170,28,60.2843185156452,1.8608504006087485,57.631750000000004,60.41625,62.99,165,12
9410170,29,60.30665696159234,1.8717974477002781,57.675333333333334,60.41541666666667,63.04925,165,12
9410170,30,60.330339043440475,1.8865663328350928,57.70175,60.405,63.07566666666667,165,12
9410170,31,60.36075991942155,1.9060661718882506,57.727666666666664,60.38823529411764,63.13,165,12
9410170,32,60.403233215221,1.9303699033975996,57.75425,60.35125,63.18041666666667,165,12
9410170,33,60.45161231129942,1.9571630799727893,57.76883333333333,60.35125,63.21183333333334,165,12
9410170,34,60.50957480888786,1.9825675225558301,57.79258333333333,60.34708333333333,63.2845,165,12
9410170,35,60.575103443554205,2.009754919800787,57.872416666666666,60.34708333333333,63.33402693294891,165,12
9410170,36,60.64396494316571,2.0355051290730763,57.93683333333333,60.33416666666667,63.457694915254244,165,12
9410170,37,60.71620197518282,2.057667163567299,58.092166666666664,60.302083333333336,63.684000000000005,165,12
9410170,38,60.79588022163741,2.0803329776942046,58.231833333333334,60.17875,63.86325,165,12
9410170,39,60.877745977870354,2.108032489113664,58.31358333333333,60.17875,64.129,165,12
9410170,40,60.96359776680429,2.1312998666238774,58.366083333333336,60.20916666666666,64.3525,165,12
9410170,41,61.04834387015082,2.1520100457678644,58.41191666666666,60.33416666666667,64.42516666666667,165,12
9410170,42,61.12418433254458,2.1730311030561063,58.502500000000005,60.34708333333333,64.49141666666667,165,12
9410170,43,61.197773847123045,2.1869165449411434,58.65683333333333,60.4475,64.55533333333334,165,12
9410170,44,61.270772130073105,2.1980607437975137,58.76283333333333,60.61875,64.57566666666666,165,12
9410170,45,61.34610228901087,2.203672847555052,58.82825,60.71375,64.591,165,12
9410170,46,61.415173164461706,2.2065577383682204,58.905,60.766666666666666,64.64375,165,12
9410170,47,61.46948050909171,2.2058456027678073,58.91866666666667,60.93,64.68648326359832,165,12
9410170,48,61.52265965105085,2.2027579762394103,58.91866666666667,61.020833333333336,64.70482217573222,165,12
9410170,49,61.57243958613886,2.1995731462023937,58.91866666666667,61.17083333333333,64.71475000000001,165,12
9410170,50,61.61332964577329,2.1982162027099457,58.91866666666667,61.3125,64.71875,165,12
9410170,51,61.65494369657406,2.190557470812727,58.973166666666664,61.424166666666665,64.71875,165,12
9410170,52,61.69583474850283,2.1843185554538302,59.11083333333333,61.54416666666667,64.76733333333333,165,12
9410170,53,61.73392509854156,2.181332322741918,59.39433333333333,61.63333333333333,64.77460465116279,165,12
9410170,54,61.77239852527754,2.1748601843329327,59.63825,61.77166666666667,64.77460465116279,165,12
9410170,55,61.808980951733425,2.166433497812212,59.700750000000006,61.95375,64.77460465116279,165,12
9410170,56,61.84629529812622,2.158751575247823,59.78841666666667,62.04468085106383,64.76733333333333,165,12
9410170,57,61.891070233406694,2.151274591344371,59.926794979079496,62.07698744769874,64.76733333333333,165,12
9410170,58,61.93678412495763,2.1477336775556526,60.022,62.08193277310925,64.70683333333334,165,12
9410170,59,61.98159470902972,2.1466788812138735,60.0865,62.11625,64.76434234234235,165,12
9410170,60,62.02056451647017,2.142680492254817,60.0865,62.13713080168776,64.77460465116279,165,12
9410170,61,62.06556210995463,2.1387269571917287,60.0865,62.242916666666666,64.77460465116279,165,12
9410170,62,62.12074100261097,2.1365536969126744,60.0865,62.28916666666667,64.81549454620293,165,12
9410170,63,62.174577645253535,2.1362944023006305,60.0865,62.400416666666665,64.81549454620293,165,12
9410170,64,62.23874100489623,2.1317677898881753,60.0865,62.46,64.81549454620293,165,12
9410170,65,62.312194395544815,2.129521228900271,60.0865,62.533750000000005,64.81549454620293,165,12
9410170,66,62.39187776041431,2.1452092059332144,60.12233333333334,62.57291666666666,64.92603318584071,165,12
9410170,67,62.478461048725016,2.1683662612332038,60.20875,62.68284518828453,65.05077542372881,165,12
9410170,68,62.56841495937536,2.198646661777565,60.222,62.73041666666666,65.24941666666666,165,12
9410170,69,62.66600590230931,2.2284582683120946,60.263666666666666,62.77791666666667,65.4098730822873,165,12
9410170,70,62.783207806180705,2.267658559695183,60.297,63.01375,65.51041666666667,165,12
9410170,71,62.98982653477559,2.5516442646160447,60.313125,63.17333333333333,65.70450320512822,166,12
9410170,72,63.192501430914035,2.7943373865976087,60.32925,63.21375,66.06158333333333,167,12
9410170,73,63.30103167698254,2.8357682396735564,60.227250000000005,63.373432890855455,66.3605,168,12
9410170,74,63.40887990133083,2.880382895331833,60.07683333333333,63.48,66.84836536415857,169,12
9410170,75,63.52075282749587,2.909100068341278,60.092666666666666,63.584789923291495,67.07815217391304,170,12
9410170,76,63.622575510991055,2.944037488069743,60.09375,63.61833333333333,67.2725,171,12
9410170,77,63.72141669918687,2.980675287377328,60.105875,63.68373188405796,67.32137820512821,172,12
9410170,78,63.812891660060544,3.0123197573151392,60.118,63.7068085106383,67.5583250736192,173,12
9410170,79,63.89127473382195,3.0444322525535017,60.16220833333333,63.720625,67.7692196969697,174,12
9410170,80,63.96449861579036,3.0693181345425544,60.222,63.73166666666667,68.02566666666667,175,12
9410170,81,64.02759353311075,3.0861450060218667,60.27791666666666,63.720625,68.28813591703056,176,12
9410170,82,64.07614192468904,3.097308227010555,60.31458333333333,63.73166666666667,68.4486140167364,177,12
9410170,83,64.1064891245628,3.102952847561998,60.32020833333333,63.74909693165969,68.43698134588564,178,12
9410170,84,64.13044941259314,3.1072849064483883,60.32583333333333,63.76652719665272,68.4436820083682,179,12
9410170,85,64.14812267734654,3.109472076690409,60.33145833333333,63.71743026499303,68.5191940376569,180,12
9410170,86,64.0989485098132,2.9686081865478995,60.39633333333334,63.71743026499303,68.5191940376569,180,12
9410170,87,64.04258802773461,2.8259761421113265,60.33145833333333,63.71743026499303,68.5191940376569,180,12
9410170,88,64.07546589001176,2.822021944549619,60.390708333333336,63.80145833333333,68.53299999999999,180,12
9410170,89,64.11103355074337,2.8185028966847674,60.40891666666666,63.89958333333333,68.59420833333333,180,12
9410170,90,64.1430588095977,2.8297677859331207,60.390708333333336,64.0006860181311,68.60650947867298,180,12
9410170,91,64.17908935392809,2.8245263767472957,60.40891666666666,64.03958333333333,68.59420833333333,180,12
9410170,92,64.21602191451667,2.8018917464675774,60.40891666666666,64.15233018207283,68.372875,180,12
9410170,93,64.26837708677787,2.7829941118178256,60.40891666666666,64.29541666666665,68.25588132911392,180,12
9410170,94,64.30780421188051,2.7559183719323905,60.40891666666666,64.47208333333333,68.23366718967922,180,12
9410170,95,64.33532136266452,2.728218654292636,60.396125,64.63833333333332,68.19954878454878,180,12
9410170,96,64.3692205595622,2.6923750596805665,60.39233333333333,64.69520833333334,68.17113930615164,180,12
9410170,97,64.3999641115053,2.6672179211940223,60.39233333333333,64.775,68.07421729075084,180,12
9410170,98,64.44798636511821,2.6344691708957924,60.39233333333333,64.82666666666667,67.869625,180,12
9410170,99,64.5049145792791,2.6093259991459763,60.39233333333333,64.85895833333333,67.71925,180,12
9410170,100,64.55118875684039,2.5852230557493763,60.39233333333333,64.88916666666667,67.65923903508772,180,12
9410170,101,64.57925039891974,2.5598883800723895,60.23704166666666,64.89666666666668,67.64855543933054,180,12
9410170,102,64.6220863395896,2.531762673561565,60.462833333333336,64.91645833333334,67.65539088306541,180,12
9410170,103,64.64439459083725,2.5071240994002952,61.00508333333333,64.89666666666668,67.68866666666666,180,12
9410170,104,64.65136462674445,2.472723682699195,61.56720833333333,64.88645833333334,67.703875,180,12
9410170,105,64.6431224562245,2.438245672797616,61.61425,64.85708333333332,67.70375,180,12
9410170,106,64.63118369977181,2.409247366953534,61.65504166666666,64.82145833333334,67.71137499999999,180,12
9410170,107,64.61992398809052,2.389896152510792,61.87079166666667,64.65145833333334,67.71261752136752,180,12
9410170,108,64.61340905055643,2.3600366035413503,61.99879166666667,64.51845972803346,67.71638332255979,180,12
9410170,109,64.62519370272884,2.339086157242486,62.035889644351464,64.384375,67.71638332255979,180,12
9410170,110,64.6563405502282,2.316303205586894,62.04009884937239,64.32249999999999,67.71638332255979,180,12
9410170,111,64.69016332554901,2.3028958824379977,62.10304166666667,64.31541666666666,67.76707783018868,180,12
9410170,112,64.741971768213,2.2776256652749747,62.141875,64.31541666666666,67.78304166666666,180,12
9410170,113,64.7938422423779,2.2608161118406715,62.18741666666667,64.32249999999999,67.83175,180,12
9410170,114,64.84484362549144,2.2408598906498876,62.195458333333335,64.345,67.84004166666668,180,12
9410170,115,64.89955760970831,2.220716427023443,62.20708333333334,64.38604166666667,67.88020833333333,180,12
9410170,116,64.98028101166288,2.2084975816714136,62.33566666666667,64.45958333333333,67.93675,180,12
9410170,117,65.06472855348709,2.198609212288904,62.349875,64.59533472803348,67.96180643459915,180,12
9410170,118,65.16464800832958,2.1787935818042277,62.478125,64.71479166666667,68.02733333333332,180,12
9410170,119,65.26589619792409,2.166802753575445,62.6045,64.99958333333333,68.04351470588234,180,12
9410170,120,65.36773657358862,2.151539318139263,62.67979166666667,65.32479166666667,68.073564171123,180,12
9410170,121,65.47260871787415,2.1349058159619045,62.789375,65.52229166666666,68.073564171123,180,12
9410170,122,65.58887968380604,2.110375297859216,62.93783333333333,65.760625,68.1327196969697,180,12
9410170,123,65.70354427857787,2.082703726745535,63.273125,65.8879550209205,68.18737987012987,180,12
9410170,124,65.82599052090974,2.046069449284638,63.3465,65.96104166666666,68.23199704375246,180,12
9410170,125,65.93757964465864,2.0106790666781618,63.45939888423989,66.03958333333333,68.26861510223415,180,12
9410170,126,66.04296518827444,1.9824428569141999,63.621,66.19708333333332,68.41829166666668,180,12
9410170,127,66.13926833097152,1.9612223762007104,63.636181311018134,66.2675,68.46582995495496,180,12
9410170,128,66.22665518504871,1.9329587240739055,63.722833333333334,66.33666666666667,68.46582995495496,180,12
9410170,129,66.30073564912608,1.9023999057231624,63.852625,66.42869159693166,68.46666666666667,180,12
9410170,130,66.36858756481364,1.8696597840737925,63.852625,66.535625,68.46666666666667,180,12
9410170,131,66.41580492634009,1.8447988097160573,63.852625,66.58416666666666,68.46666666666667,180,12
9410170,132,66.45238353682275,1.828447724458752,64.10595833333333,66.60979166666667,68.46666666666667,180,12
9410170,133,66.49325572562833,1.8155327633560634,64.28070833333334,66.61791666666666,68.5095,180,12
9410170,134,66.54146819709587,1.7837779238647964,64.31883333333334,66.61791666666666,68.52911558577406,180,12
9410170,135,66.59938279678826,1.7389292240268104,64.62108333333333,66.63041666666666,68.58899860529986,180,12
9410170,136,66.65932473498107,1.6946738593855453,64.66880840306834,66.65950496941896,68.73879166666666,180,12
9410170,137,66.7077698880074,1.6732870996030165,64.66880840306834,66.65950496941896,68.82133333333333,180,12
9410170,138,66.74087177688767,1.6652266844571872,64.67836297071129,66.65950496941896,68.87837674337518,180,12
9410170,139,66.77043795888768,1.6634390356173347,64.70808403068341,66.66706195746082,68.97441666666666,180,12
9410170,140,66.80323213618823,1.6544833606309033,64.77912500000001,66.67943198804186,68.97706722689077,180,12
9410170,141,66.82334730689601,1.636206390016861,64.84579166666667,66.75687500000001,68.97441666666666,180,12
9410170,142,66.83228143069454,1.6090888066055766,64.89027615062761,66.83125,68.882381302521,180,12
9410170,143,66.83411803342325,1.5903100155153556,64.89708333333333,66.83125,68.87837674337518,180,12
9410170,144,66.83605845477105,1.5769714395717134,64.89899999999999,66.95833333333334,68.87494926778243,180,12
9410170,145,66.84936589414035,1.559839183465958,64.94566666666665,66.95833333333334,68.87494926778243,180,12
9410170,146,66.8751400944222,1.5371032737495092,64.99313760504202,66.95833333333334,68.87494926778243,180,12
9410170,147,66.90684438828252,1.5057804168831233,65.00195833333333,66.99541666666667,68.87494926778243,180,12
9410170,148,66.9358857787853,1.4739341954766398,65.013554916318,67.05479166666666,68.84833333333334,180,12
9410170,149,66.96549635297659,1.453386440886113,65.01770833333333,67.02437499999999,68.83767974198048,180,12
9410170,150,67.00950637573527,1.441369138674647,65.07181903765691,67.05708333333334,68.83767974198048,180,12
9410170,151,67.06918590869472,1.4421066042568196,65.08866666666667,67.22479166666668,68.87494926778243,180,12
9410170,152,67.13666835717156,1.4555257981496303,65.16141666666667,67.24006973500697,68.91422338935574,180,12
9410170,153,67.22209015710956,1.4866443824042856,65.208,67.27041666666666,69.01038563829788,180,12
9410170,154,67.31221581139044,1.5332916487426027,65.3205099372385,67.41874999999999,69.215375,180,12
9410170,155,67.41684509088,1.6038555516295308,65.3205099372385,67.54181223849372,69.5085,180,12
9410170,156,67.54815979915523,1.685943134586686,65.340625,67.61652719665273,69.81216666666667,180,12
9410170,157,67.70645872988513,1.7667335490507916,65.38966666666667,67.78020833333333,70.25329166666667,180,12
9410170,158,67.88966738950607,1.826072310806276,65.47758333333334,67.88875,70.5295,180,12
9410170,159,68.08585574484167,1.862335002956816,65.64852161785215,68.02833333333334,70.79737499999999,180,12
9410170,160,68.27974203803862,1.8903702260677853,65.73833926080893,68.235625,70.95720253164556,180,12
9410170,161,68.4605153702097,1.9158521311919943,65.75672751046025,68.43995815899581,71.047375,180,12
9410170,162,68.63406778511533,1.957281976193392,65.79241666666667,68.61880055788006,71.1574470013947,180,12
9410170,163,68.81516994169161,1.9848866634291698,65.875,68.81164313110182,71.518125,180,12
9410170,164,68.99309095580854,1.9728150031812253,65.996375,69.009375,71.63416666666667,180,12
9410170,165,69.15987809134833,1.9462991972403856,66.3005,69.22145833333333,71.642375,180,12
9410170,166,69.31676646527976,1.9187616513018044,66.55308333333333,69.34572175732217,71.68820833333334,180,12
9410170,167,69.46002264319259,1.878558180768548,66.80133333333333,69.51541666666667,71.73929166666667,180,12
9410170,168,69.58837449504443,1.8515152990386714,67.24591666666667,69.64684523809524,71.98244769503545,180,12
9410170,169,69.69767925639576,1.8326874856316562,67.59838354253836,69.69519525801952,72.13679166666665,180,12
9410170,170,69.78830888602538,1.806131798184915,67.62866666666666,69.70979978354978,72.27187500000001,180,12
9410170,171,69.86568615241309,1.779255177886732,67.79838650627616,69.74000000000001,72.38420833333333,180,12
9410170,172,69.92910746808023,1.7726222406960461,67.82537500000001,69.76770833333333,72.58045833333333,180,12
9410170,173,69.97307866739989,1.793161006175055,67.80120833333334,69.85604166666667,72.58250000000001,180,12
9410170,174,70.02614724032553,1.832760492185829,67.82537500000001,69.88350854253835,72.60483333333335,180,12
9410170,175,70.08838131749894,1.8828297387709567,67.82537500000001,70.02875,72.687625,180,12
9410170,176,70.16494517345741,1.9177130975047698,67.82537500000001,70.106875,72.84254166666666,180,12
9410170,177,70.2497999599908,1.9443160255001883,67.82941666666666,70.12895833333333,72.72667834728034,180,12
9410170,178,70.33914914485302,1.9670560316229226,67.86295833333332,70.20362011854951,72.730470013947,180,12
9410170,179,70.43189908494995,1.994798599931174,67.87266666666667,70.33770833333332,72.87904166666665,180,12
9410170,180,70.50231292245995,2.0331796611231194,67.89508333333333,70.37145833333332,72.90766666666667,180,12
9410170,181,70.54563558864417,2.0820159089651775,67.89508333333333,70.44420094936709,72.990875,180,12
9410170,182,70.60353638793028,2.1143658549387534,67.89720833333332,70.48020833333334,73.28495833333334,180,12
9410170,183,70.68362546877786,2.1465537744446967,67.962,70.60901376967095,73.44208333333333,180,12
9410170,184,70.79001752504352,2.1913205831076743,67.98154166666667,70.70979166666666,73.50099999999999,180,12
9410170,185,70.92240193205691,2.260599147894787,68.02979166666667,70.85114626917712,73.65412500000001,180,12
9410170,186,71.06539103493171,2.3334882721556687,68.15420833333334,71.05,74.50845833333332,180,12
9410170,187,71.20723549543672,2.4037501969721786,68.17925,71.15979166666665,75.36154166666667,180,12
9410170,188,71.36878918481476,2.475299731262837,68.20145833333333,71.38979166666667,75.58533333333332,180,12
9410170,189,71.52873388206086,2.5483436274611675,68.20145833333333,71.4925,75.73854166666666,180,12
9410170,190,71.67440363727238,2.6133056013188942,68.26118723849373,71.54624999999999,76.01182060669456,180,12
9410170,191,71.8091464186234,2.6928489153519903,68.28395833333333,71.59166666666665,76.12183333333334,180,12
9410170,192,71.94889350235506,2.7643666459591767,68.33708333333334,71.56125,76.31808333333332,180,12
9410170,193,72.07010668616098,2.8229618007810084,68.36241666666666,71.61329096045196,76.52678242677824,180,12
9410170,194,72.20066660538139,2.885734556127392,68.38033333333334,71.68812500000001,76.78158333333334,180,12
9410170,195,72.36639108275348,2.9278257826235903,68.43270833333334,71.93787234042554,76.88270833333333,180,12
9410170,196,72.54235839359082,2.9512680649924654,68.85,71.97187500000001,77.01853033472804,180,12
9410170,197,72.6998132640017,2.986165581286143,68.96141666666668,72.06354166666667,77.27530895196506,180,12
9410170,198,72.82230751648746,3.023854173045431,68.96141666666668,72.08478116246499,77.38366666666667,180,12
9410170,199,72.93925116965667,3.0510049335544545,69.034875,72.16077623512442,77.46062500000001,180,12
9410170,200,73.05117046775237,3.0665328799376868,69.18454166666666,72.20402482269503,77.60821652719665,180,12
9410170,201,73.16139804455747,3.0758973617416703,69.52825,72.3691771269177,77.73166666666667,180,12
9410170,202,73.26338212811376,3.081037403014545,69.69633333333333,72.52821953781512,77.7738877118644,180,12
9410170,203,73.3405262324769,3.094664149622558,69.796625,72.65649145746164,77.8215381455399,180,12
9410170,204,73.35442637132914,3.1031550702658204,69.872,72.57268907563025,77.84666666666666,179,12
9410170,205,73.36174764677965,3.1283970703729755,69.68925,72.5423862044818,77.90416666666667,178,12
9410170,206,73.35109866563235,3.1477684092873983,69.609269874477,72.57268907563025,77.91166666666666,177,12
9410170,207,73.30702695638652,3.2045920099728264,69.39145833333333,72.58488620448179,77.85979166666667,176,12
9410170,208,73.26819870004759,3.2796532670292167,69.20975,72.59708333333333,77.86416666666666,175,12
9410170,209,73.21093603506829,3.3535724476898525,68.94691666666667,72.55458333333334,77.86308215962441,174,12
9410170,210,73.13660356287923,3.419102138807418,68.85516666666666,72.51208333333334,77.86185875706214,173,12
9410170,211,73.07858017228772,3.454775895753459,68.83463964435145,72.55458333333334,77.8717627118644,172,12
9410170,212,73.02007407704852,3.4869413262146662,68.66000000000001,72.51208333333334,77.78262711864407,171,12
9410170,213,72.97584276695946,3.499139287977271,68.756,72.49625,77.81565607344633,170,12
9410170,214,72.91649536782141,3.4877918478037193,68.82145048814503,72.48041666666667,78.20666666666668,169,12
9410170,215,72.85407321572727,3.4545016436267306,68.81460251046025,72.303125,78.25354166666666,168,12
9410170,216,72.79419726316534,3.415152220556962,68.80775453277545,72.25125,78.07816666666668,167,12
9410170,217,72.73803224479896,3.3690245762226705,68.80090655509065,71.95500000000001,77.67916666666667,166,12
9410170,218,72.68602291941615,3.2986445518721133,68.79405857740585,72.07875,77.56366666666666,165,12
9410170,219,72.68243737780759,3.252032751073914,68.70266666666667,72.25125,77.56366666666666,165,12
9410170,220,72.6884137418666,3.200156087711966,68.70266666666667,72.43875,77.56366666666666,165,12
9410170,221,72.71056852188434,3.1393947616874573,68.79405857740585,72.43875,77.31366666666666,165,12
9410170,222,72.75320044783844,3.028638803148649,68.95458333333333,72.43875,76.75858333333333,165,12
9410170,223,72.79873827733056,2.904716514731347,69.11825,72.43875,76.34316666666666,165,12
9410170,224,72.84821812903915,2.7718050538894325,69.55924999999999,72.49791666666667,75.87866666666666,165,12
9410170,225,72.90749281651017,2.636244548187551,69.96975,72.85166666666667,75.87866666666666,165,12
9410170,226,72.95724028069174,2.519065558169729,70.10691666666668,72.92541666666668,75.93552649930264,165,12
9410170,227,73.01827677534538,2.4036267341983466,70.31833333333333,73.02208333333333,75.9761931659693,165,12
9410170,228,73.07982867509602,2.3151698403268304,70.44641666666668,73.035,76.03302649930265,165,12
9410170,229,73.14361150337885,2.262541923189475,70.55449999999999,73.05166666666668,76.03302649930265,165,12
9410170,230,73.19078872538975,2.2487200027109715,70.52208333333333,73.06625000000001,75.99,165,12
9410170,231,73.24102234047179,2.246645415890192,70.47725,73.1675,76.05023144960543,165,12
9410170,232,73.30340462868566,2.2377963125896168,70.44641666666668,73.18916666666668,76.07877215189873,165,12
9410170,233,73.36123544646941,2.231626806128255,70.44641666666668,73.29458333333334,76.10475,165,12
9410170,234,73.40537854198186,2.222102075377668,70.39758333333333,73.51624999999999,76.106375,164,12
9410170,235,73.42468556780179,2.210582518985334,70.30041666666666,73.55416666666666,76.108,163,12
9410170,236,73.42718184044082,2.213388672742679,70.12,73.55699965132496,76.109625,162,12
9410170,237,73.41869901543322,2.2209548400421464,70.10208333333334,73.55416666666666,76.11125,161,12
9410170,238,73.40112477609694,2.227765018769553,70.101375,73.396875,76.11241666666666,160,12
9410170,239,73.37550548413162,2.2526289145308986,70.06133333333334,73.33166666666666,76.11358333333334,159,12
9410170,240,73.35620474675291,2.2759616838217713,70.0445,73.41979166666667,76.11475,158,12
9410170,241,73.34223418250718,2.2951754996768554,70.02766666666668,73.45791666666668,76.12916666666666,157,12
9410170,242,73.3367848446219,2.301884434419174,70.10395833333334,73.47229166666668,76.13770833333334,156,12
9410170,243,73.32379661844288,2.3102267065998916,70.0685,73.45791666666668,76.14625,155,12
9410170,244,73.3215953587169,2.301256182175293,70.30407165271967,73.48329149232916,76.21020833333333,154,12
9410170,245,73.32313123161738,2.2738918378068154,70.35930311873705,73.47991631799164,76.25958333333332,153,12
9410170,246,73.30990515734119,2.229780183511371,70.37783753501401,73.43916666666667,76.28808333333333,152,12
9410170,247,73.27956398226304,2.1877834691250095,70.47333333333333,73.41916666666665,76.25958333333332,151,12
9410170,248,73.25431939890564,2.1549179835483288,70.48533333333333,73.35249999999999,75.7745,150,12
9410170,249,73.24250138186193,2.117436907602228,70.53295833333333,73.35249999999999,75.7745,150,12
9410170,250,73.22522369706415,2.085750133542329,70.585125,73.2875,75.7745,150,12
9410170,251,73.21918870171316,2.0565703686610126,70.66147829131653,73.12083333333334,75.7745,150,12
9410170,252,73.21465915430049,2.0581576568480116,70.97822088563458,73.10270833333334,75.7745,150,12
9410170,253,73.1994597979466,2.083294335284401,71.02883472803347,73.108125,75.7745,150,12
9410170,254,73.18802646461324,2.093082896935568,71.01083472803347,73.079375,75.7745,150,12
9410170,255,73.15244379951332,2.1135417297046577,71.00309588563458,72.77708333333334,75.7745,150,12
9410170,256,73.10315491062443,2.1396531004041637,70.957875,72.50208333333333,75.7745,150,12
9410170,257,73.02743058472949,2.1742717414281443,70.724,72.40229166666666,75.7745,150,12
9410170,258,72.93612300911482,2.200218564223318,70.65783333333333,72.320625,75.7745,150,12
9410170,259,72.82721285860181,2.2280802862001194,70.5395,72.30583333333334,75.7745,150,12
9410170,260,72.70561632483545,2.2589833195695332,70.46990159574469,72.27453733766234,75.78450000000001,150,12
9410170,261,72.56672898419113,2.2970449612454513,70.13312499999999,72.23479166666667,75.48591666666667,150,12
9410170,262,72.45212468342707,2.351605639508517,69.69666666666667,72.16166666666666,76.51458333333333,151,12
9410170,263,72.33156447543483,2.411864632876592,69.47091666666667,72.11958333333334,76.50208333333333,152,12
9410170,264,72.22095634291246,2.4671979846849244,69.31475,72.00333333333333,76.48958333333334,153,12
9410170,265,72.14236196112807,2.5067836761810973,69.25,71.94145833333334,76.47708333333334,154,12
9410170,266,72.06775176797176,2.5409281667861032,69.07983333333333,71.75916666666667,76.46458333333334,155,12
9410170,267,71.99334250182986,2.5765567180899485,69.008125,71.65958333333333,76.45208333333333,156,12
9410170,268,71.93250651882073,2.6035056252826045,68.91866666666667,71.65208333333334,76.43958333333333,157,12
9410170,269,71.87977719935319,2.6230414373903637,68.88370833333333,71.53539313110181,76.319875,158,12
9410170,270,71.83047040608862,2.6428907238715524,68.83908333333333,71.4887029288703,76.30991666666667,159,12
9410170,271,71.78330680028971,2.655239408351488,68.78404166666667,71.48146257554626,76.29995833333332,160,12
9410170,272,71.73828755063322,2.6750155071681267,68.71291666666666,71.47422222222222,76.28999999999999,161,12
9410170,273,71.70626504018954,2.706030615190328,68.66154166666666,71.45440277777777,76.28599999999999,162,12
9410170,274,71.68144478345954,2.740713934592362,68.60149999999999,71.43458333333334,76.282,163,12
9410170,275,71.66377061690405,2.7764735119847,68.60829166666666,71.40791666666667,76.27799999999999,164,12
9410170,276,71.62430356861684,2.7918475400399463,68.58324999999999,71.36104166666667,76.223875,164,12
9410170,277,71.5534197774578,2.7904177178879013,68.52291666666667,71.31750000000001,76.11625000000001,163,12
9410170,278,71.47952203808107,2.7791921773027535,68.421,71.12312499999999,76.0525,162,12
9410170,279,71.39228890252052,2.775482170612591,68.27875,70.82333333333332,75.93666666666667,161,12
9410170,280,71.28946899224427,2.7960792861179775,68.16754166666666,70.26,75.78516666666668,160,12
9410170,281,71.18818163728119,2.8135172998218487,68.14158333333333,70.09875000000001,75.70633333333333,159,12
9410170,282,71.07940287605524,2.8247536842497154,68.09955718270572,69.99979166666667,75.60624999999999,158,12
9410170,283,70.9629791970658,2.8388779647487383,68.03675,69.84621848739496,75.49875,157,12
9410170,284,70.83563142018778,2.8583192208018344,67.66616824894516,69.76041666666666,75.38916666666667,156,12
9410170,285,70.70588702704215,2.8717272367532862,67.57266666666668,69.68702928870293,75.27141666666667,155,12
9410170,286,70.57301584729316,2.88858041862173,67.50512179487178,69.62729166666666,75.28533333333334,154,12
9410170,287,70.44709010148682,2.893769485030964,67.34433333333334,69.62458333333332,75.29925,153,12
9410170,288,70.3214828000884,2.8823340105262467,67.02741666666667,69.60645833333334,75.18695833333334,152,12
9410170,289,70.18389604159009,2.860833152254443,66.57866108786611,69.57166666666667,75.13666666666667,151,12
9410170,290,70.03708191372161,2.830850835662696,66.49502440725243,69.508125,74.34929166666667,150,12
9410170,291,69.92684243050923,2.8294469928807837,66.46562499999999,69.49958333333333,74.31812500000001,150,12
9410170,292,69.8150490661264,2.8172865046129507,66.229625,69.48229166666667,74.28487500000001,150,12
9410170,293,69.71345631055833,2.803314524739691,66.20941666666667,69.46604166666665,74.19041666666668,150,12
9410170,294,69.6065808588346,2.77910674681198,66.15625,69.39833333333334,74.11820833333333,150,12
9410170,295,69.49917261868698,2.7401054831926204,66.128375,69.19633978382149,74.03242879746836,150,12
9410170,296,69.38156558450719,2.7019907133743084,66.1085,68.83916666666667,73.78457352941176,150,12
9410170,297,69.26685559632749,2.6669274614092204,66.06,68.67895833333333,73.44250000000001,150,12
9410170,298,69.15550253931546,2.6292884278897453,66.03366666666666,68.66312500000001,73.24616666666667,150,12
9410170,299,69.0512312923128,2.589601235972667,66.02379166666667,68.59592962184874,73.10562500000002,150,12
9410170,300,68.93895020778861,2.5425487072923145,66.00554166666667,68.49099546722454,73.08929166666665,150,12
9410170,301,68.820284261717,2.4919047424404077,65.97241666666666,68.44927039748954,72.86308333333334,150,12
9410170,302,68.69322429709668,2.4489723936392336,65.959,68.25583333333333,72.40758333333333,150,12
9410170,303,68.55500666576242,2.4137656802351657,65.86729166666667,68.15072350069735,71.78079166666666,150,12
9410170,304,68.41101499909576,2.3795682908181917,65.68258333333333,68.00083333333333,71.60195833333333,150,12
9410170,305,68.26309504111255,2.344477289692369,65.39104166666667,67.813125,71.29866666666668,150,12
9410170,306,68.10961512656581,2.3155890234771426,65.28454166666667,67.62270833333332,71.09387500000001,150,12
9410170,307,67.9504255546306,2.2942859928756647,65.24116666666667,67.36046809623431,70.81154166666667,150,12
9410170,308,67.78685601359243,2.271698039839475,65.12420833333333,67.13333333333333,70.71970833333333,150,12
9410170,309,67.62675928977929,2.258634419755026,65.05033333333333,67.04916666666666,70.62908333333334,150,12
9410170,310,67.46377087720724,2.245094034689767,64.83212499999999,66.918125,70.58308333333333,150,12
9410170,311,67.30126756356081,2.2311423735907567,64.72029166666667,66.904375,70.45133333333332,150,12
9410170,312,67.13768708721408,2.218944827501778,64.61754166666665,66.88854516806722,70.27687133891212,150,12
9410170,313,66.95836581440881,2.20279758503272,64.408,66.7175,70.09704166666667,150,12
9410170,314,66.76983284137302,2.184241350172518,64.11179166666666,66.35348870056498,69.79145833333332,150,12
9410170,315,66.58816994699329,2.171771787947223,64.08984733893558,66.23583333333332,69.73731276150627,150,12
9410170,316,66.41341648348792,2.164062105294323,64.05275,66.08854166666667,69.57920833333334,150,12
9410170,317,66.23650745654058,2.1398449103641886,63.935750000000006,65.7975,69.41929166666667,150,12
9410170,318,66.0640685676517,2.1170373309175736,63.73183333333334,65.6017111227336,69.30429166666666,150,12
9410170,319,65.89396564882797,2.0928034800190467,63.42765376569038,65.45520833333333,69.227,150,12
9410170,320,65.72803518781512,2.076388940839203,63.21358333333333,65.29020833333334,68.93638179916317,150,12
9410170,321,65.57130845336606,2.064166021668624,63.18666666666667,65.04374999999999,68.81075,150,12
9410170,322,65.42212822046163,2.056905908242451,62.97225,64.87898706896551,68.55720833333334,150,12
9410170,323,65.2721689457057,2.0429460091226073,62.868208333333335,64.75479166666668,68.49558333333334,150,12
9410170,324,65.12117515485603,2.0240078651388935,62.690041666666666,64.6442860878661,68.33258333333333,150,12
9410170,325,64.96994262347528,2.0064470410019752,62.499125,64.45774058577406,68.02214285714285,150,12
9410170,326,64.817520527188,1.9895107797504177,62.213750000000005,64.36625000000001,67.92458333333333,150,12
9410170,327,64.66657289378318,1.9730139937699225,62.072874999999996,64.31737341772153,67.58154166666667,150,12
9410170,328,64.52365849933916,1.962713108659513,61.964958333333335,64.24916666666667,67.15058333333333,150,12
9410170,329,64.38565204038039,1.9526137821304341,61.879041666666666,64.22046568627451,67.02024999999999,150,12
9410170,330,64.24852412063811,1.9401884776778455,61.79741666666666,64.14008827683617,66.84036087866109,150,12
9410170,331,64.10759463884538,1.9237190475282515,61.76958333333334,63.9663859832636,66.77612500000001,150,12
9410170,332,63.96852124315131,1.9083249957146344,61.714333333333336,63.75,66.72533053221288,150,12
9410170,333,63.82972679870688,1.8875851392728864,61.536458333333336,63.49625,66.50220833333333,150,12
9410170,334,63.695655271601595,1.8600962903024283,61.388041666666666,63.39625,66.47770833333334,150,12
9410170,335,63.56171619675269,1.8274223071428455,61.31854166666667,63.32833333333333,66.4445,150,12
9410170,336,63.42969063727161,1.7891000647262763,61.29725,63.24666666666667,66.35908333333333,150,12
9410170,337,63.30006724332549,1.7510741764119335,61.196333333333335,63.18576505602241,66.11733333333333,150,12
9410170,338,63.171911007361125,1.718794629376523,60.89491666666667,63.142790271966525,65.85582287308227,150,12
9410170,339,63.048343687099695,1.698540433431147,60.87345833333333,63.09291666666667,65.4455199579832,150,12
9410170,340,62.93078002037544,1.6952107281785094,60.73733333333333,63.043125,65.19658333333334,150,12
9410170,341,62.81231012146138,1.694794978536494,60.67690481171548,62.94104166666666,65.0775,150,12
9410170,342,62.690218645525576,1.6928949521506016,60.601,62.735416666666666,64.95295833333333,150,12
9410170,343,62.56872428243864,1.6937705681086492,60.441,62.434999999999995,64.85632635983262,150,12
9410170,344,62.445671350416475,1.692831272425108,60.20766666666667,62.31708333333333,64.80404166666666,150,12
9410170,345,62.31869231391026,1.6943102621631685,59.9937745549961,62.207499999999996,64.681,150,12
9410170,346,62.1939829068141,1.7000355216696938,59.82287656903766,62.123958333333334,64.50191666666666,150,12
9410170,347,62.071617030477526,1.7102929172061732,59.65325,62.046875,64.483,150,12
9410170,348,61.952913718064686,1.725032289068478,59.58558333333334,62.03520833333334,64.35165324267781,150,12
9410170,349,61.83513092067443,1.7385055735442159,59.546375,62.021931659693166,64.27812761506277,150,12
9410170,350,61.72245916335225,1.7488055900016781,59.46066666666666,61.92791666666667,63.99806493506493,150,12
9410170,351,61.61378273828064,1.7522294548142898,59.43704166666666,61.766666666666666,63.82391666666667,150,12
9410170,352,61.503029067298264,1.7513586458179062,59.40083333333333,61.67375,63.62783333333333,150,12
9410170,353,61.3902890869239,1.7478524104546997,59.35366666666667,61.52770833333334,63.48466666666666,150,12
9410170,354,61.27906725986674,1.741355862234023,59.23341666666667,61.39052911436541,63.36241666666666,150,12
9410170,355,61.17003674282263,1.7297808244241617,59.192083333333336,61.23778136751231,63.33998082287309,150,12
9410170,356,61.06721735967803,1.7201158917026074,59.116666666666674,61.03553046218488,63.32041666666667,150,12
9410170,357,60.97433479783973,1.715300718384909,59.01641666666667,60.68770833333333,63.309916666666666,150,12
9410170,358,60.88895228970398,1.711425935984551,58.90816666666666,60.4975,63.29425,150,12
9410170,359,60.82626405679907,1.70454788767939,58.831,60.27142857142857,63.26271898589944,143,12
9410170,360,60.75186199897527,1.7024847430910912,58.807916666666664,60.12212081589958,63.21651778242678,144,12
9410170,361,60.682481341511085,1.7045085871702705,58.71816666666667,59.87,63.140083682008374,145,12
9410170,362,60.615621975714305,1.7082480459225764,58.65208333333333,59.74185224089636,62.96243651645207,146,12
9410170,363,60.55430896763418,1.711032047029874,58.623518828451886,59.6075,62.90011587982833,147,12
9410170,364,60.49979920732408,1.7145287619753709,58.6055,59.5925,62.833381856540086,148,12
9410170,365,60.4484703910352,1.7174781511755346,58.60575,59.56958333333333,62.828864978902956,149,12
9410170,366,60.39626698583619,1.7213742184521497,58.60283333333333,59.4675,62.82434810126583,150,12
9410230,1,60.23051648163156,2.5820178252754085,57.821525104602514,59.86471059972106,64.56654166666667,160,12
9410230,2,60.144208386266314,2.5136006037290195,57.821525104602514,59.86471059972106,64.36258333333333,160,12
9410230,3,60.05535875032192,2.4305781856199373,57.739892608089264,59.87726290097629,62.703333333333326,160,12
9410230,4,59.97830400203718,2.3458918853151105,57.491875,59.87726290097629,62.24458333333334,160,12
9410230,5,59.910300005684846,2.251806322013846,57.29958333333333,59.87726290097629,61.89695833333333,160,12
9410230,6,59.83508596993663,2.1529937366177454,57.28758333333332,59.87726290097629,61.712326923076915,160,12
9410230,7,59.742934495699615,2.0697201963461547,57.28758333333332,59.86471059972106,61.53333333333333,160,12
9410230,8,59.72691590257508,2.0605295096151153,57.317249999999994,59.85429393305439,61.553333333333335,168,12
9410230,9,59.64859397515936,1.990894038865059,57.31591666666666,59.8475,61.50358333333333,167,12
9410230,10,59.57661207057997,1.8797011562335286,57.31458333333333,59.83916666666667,61.432331560283686,166,12
9410230,11,59.51667076138596,1.7520699896116176,57.31325,59.838750000000005,61.39771186440678,165,12
9410230,12,59.50309618438347,1.6974709750964503,57.367416666666664,59.72875,61.41955210962856,165,12
9410230,13,59.498386186469695,1.6576013202955848,57.43833333333333,59.70625,61.434031914893616,165,12
9410230,14,59.50545883640308,1.6404504203418102,57.43833333333333,59.65416666666667,61.49033333333333,165,12
9410230,15,59.513128885670845,1.6191662554677617,57.43833333333333,59.6502538071066,61.57383333333333,165,12
9410230,16,59.502569016856285,1.59858101823706,57.437916666666666,59.606298451670455,61.58225,164,12
9410230,17,59.4928868801317,1.5880150637563717,57.43749999999999,59.6502538071066,61.62583333333333,163,12
9410230,18,59.487399765336455,1.5903688998747911,57.43708333333333,59.58075488145049,61.72154166666667,162,12
9410230,19,59.476915691120894,1.5978983634747288,57.43666666666666,59.56234309623431,61.73583333333333,161,12
9410230,20,59.459592843442614,1.6039657594293542,57.42379166666666,59.58075488145049,61.736041666666665,160,12
9410230,21,59.450965288445026,1.6006914995691917,57.40008333333333,59.6502538071066,61.73625,159,12
9410230,22,59.463416340473174,1.5860681434041162,57.295204497907946,59.673108437935845,61.73645833333333,158,12
9410230,23,59.48087022042112,1.5597024736377214,57.28928242677824,59.70375,61.736666666666665,157,12
9410230,24,59.48025558794625,1.5288602069025417,57.282916666666665,59.734791666666666,61.736875,156,12
9410230,25,59.45968452428704,1.522501935761491,57.184,59.74083333333333,61.73708333333334,155,12
9410230,26,59.428909129083856,1.5301169141762412,57.172375,59.729375000000005,61.73729166666667,154,12
9410230,27,59.37994857470152,1.5364289078106992,57.11316666666667,59.67833333333333,61.71475,153,12
9410230,28,59.32110613187216,1.5383932151456696,57.09883333333334,59.619166666666665,61.628125,152,12
9410230,29,59.25994216124434,1.5390618141711658,57.05416666666667,59.55146443514644,61.6075,151,12
9410230,30,59.19912029526977,1.5431915723161518,57.051541666666665,59.497032563025215,61.05658597046413,150,12
9410230,31,59.1740185830209,1.537031750886149,57.09354166666667,59.39547969187675,61.05658597046413,150,12
9410230,32,59.1579325932467,1.5285077893481034,57.10616666666667,59.31616421568627,61.067127637130795,150,12
9410230,33,59.134070428769945,1.5137696746086975,57.134458333333335,59.230000000000004,61.06904430379746,150,12
9410230,34,59.117122230663384,1.497974620791205,57.15024999999999,59.16875000000001,61.06996097046413,150,12
9410230,35,59.110171613313554,1.4867776505318187,57.18804166666667,59.139375,61.06996097046413,150,12
9410230,36,59.10214537974209,1.4825483878015002,57.18804166666667,59.12926470588235,61.06996097046413,150,12
9410230,37,59.08221484115148,1.4802681093883583,57.147208333333325,59.116139705882354,61.06996097046413,150,12
9410230,38,59.075452258042716,1.4778559365447816,57.147208333333325,59.12125837676844,61.06996097046413,150,12
9410230,39,59.07153091602122,1.4796115408643014,57.147208333333325,59.12125837676844,60.98783491561181,150,12
9410230,40,59.08493373938169,1.5043684380455045,57.18804166666667,59.12125837676844,61.03595833333333,150,12
9410230,41,59.09679735606966,1.5365570396199397,57.18804166666667,59.11386867088608,61.26203606442577,150,12
9410230,42,59.12846846678115,1.5648530867583808,57.18804166666667,59.10625,61.54152189265536,150,12
9410230,43,59.1677770690035,1.5807822931602984,57.18804166666667,59.11386867088608,61.542711864406776,150,12
9410230,44,59.21357558008511,1.610799625394942,57.18804166666667,59.139375,61.56314689265536,150,12
9410230,45,59.25804371371269,1.644088991985687,57.139333333333326,59.18333333333334,61.77790476190476,150,12
9410230,46,59.28892674649828,1.6858096200797201,57.025499999999994,59.207133019525806,61.81193837535013,150,12
9410230,47,59.305824641129,1.7255919383029745,56.999541666666666,59.227405462184876,61.90522316384181,150,12
9410230,48,59.33317345652792,1.7654993181413519,56.995331066945596,59.23375,62.09345833333333,150,12
9410230,49,59.35756634029864,1.8036592838859895,56.995331066945596,59.24085106382979,62.09345833333333,150,12
9410230,50,59.368319518658026,1.8410970567558125,56.98964241763652,59.24897606382979,62.09345833333333,150,12
9410230,51,59.364251260649105,1.8645233098904144,56.98964241763652,59.28537656903765,62.09345833333333,150,12
9410230,52,59.37305249523636,1.8858523791124753,56.98964241763652,59.261227632867445,62.143373028644994,150,12
9410230,53,59.38045535400076,1.908379465003441,56.97691132519954,59.234601063829786,62.25718023409777,150,12
9410230,54,59.3883300723013,1.9306467205682198,56.97577126917713,59.20625,62.25718023409777,150,12
9410230,55,59.40120652365437,1.9421733206314329,56.98035460251047,59.17125,62.25718023409777,150,12
9410230,56,59.41403983364505,1.9402817499674894,56.98035460251047,59.16583333333334,62.26689225941423,150,12
9410230,57,59.43273065572619,1.9367418988408756,57.04108106694561,59.17125,62.42964225941422,150,12
9410230,58,59.44719296626419,1.957309218331334,57.04108106694561,59.16583333333334,62.42964225941422,150,12
9410230,59,59.463536711777394,1.9788609955337293,56.987604602510466,59.14666666666666,62.42964225941422,150,12
9410230,60,59.481568492006,1.982179998349007,56.968875000000004,59.146249999999995,62.42964225941422,150,12
9410230,61,59.503636722798014,1.986638386983519,56.92367391304348,59.1425,62.42964225941422,150,12
9410230,62,59.5281937442936,1.987066434336653,56.92367391304348,59.1425,62.4285172413793,150,12
9410230,63,59.551305716691274,1.9824327272377227,56.905856884057975,59.16583333333334,62.40283333333334,150,12
9410230,64,59.595794035650265,1.9652885702332417,56.91486956521739,59.211209902370996,62.40283333333334,150,12
9410230,65,59.649568323196966,1.94299092071196,56.92402173913043,59.25303172942817,62.2635,150,12
9410230,66,59.700093657697195,1.9231912649223026,56.92402173913043,59.44040611814346,62.24758333333334,150,12
9410230,67,59.73073303242322,1.9089831109338116,56.92402173913043,59.545,62.234515956498484,150,12
9410230,68,59.76094072594484,1.8876710901586915,56.968875000000004,59.643505927475594,62.21575833333334,150,12
9410230,69,59.81509640832533,1.861284753614904,57.004875,59.75770833333333,62.21575833333334,150,12
9410230,70,59.87222621877111,1.857596313903489,57.042458333333336,59.99583333333334,62.23137500000001,150,12
9410230,71,59.93132699972506,1.8772871748508204,57.146214958159,60.11479166666667,62.231458333333336,150,12
9410230,72,59.975140665339595,1.9155827654587445,57.18523221757323,60.2466230822873,62.231458333333336,150,12
9410230,73,60.01301645196693,1.9533807931182559,57.15013162482566,60.31520833333333,62.231458333333336,150,12
9410230,74,60.0549180285435,1.981248428530642,57.18523221757323,60.35494508368201,62.273996724890836,150,12
9410230,75,60.100587592995765,1.9807325557662372,57.30529166666667,60.465,62.32873776539678,150,12
9410230,76,60.132481175353824,1.9733255287137175,57.311375,60.53612709205021,62.32873776539678,150,12
9410230,77,60.171827765176594,1.9759846935794823,57.33454166666667,60.595212691771266,62.33138719068414,150,12
9410230,78,60.20906257142221,1.9773479657434538,57.40120833333333,60.537168758716874,62.48524232914923,150,12
9410230,79,60.195800736564856,1.9743634750053025,57.43533333333333,60.53333333333333,62.46047977684798,149,12
9410230,80,60.20964176679793,2.0266295426993723,57.4886959553696,60.53333333333333,62.49475244072524,149,12
9410230,81,60.26082862885391,2.0569285988959627,57.73291666666667,60.541004184100416,62.59366666666667,149,12
9410230,82,60.33190259425359,2.0693843124960742,57.80191666666666,60.57333333333334,62.695,149,12
9410230,83,60.3546652988919,2.1223991380047784,57.75920833333333,60.67520833333333,62.87975000000001,148,12
9410230,84,60.340912832535004,2.181530861221472,57.61591666666667,60.57333333333334,63.22816666666667,147,12
9410230,85,60.34038668732896,2.241107297475947,57.517264644351464,60.56791666666666,63.22816666666667,147,12
9410230,86,60.344878141130174,2.298623197904182,57.47708333333333,60.53333333333333,63.22816666666667,147,12
9410230,87,60.32727756417694,2.3618574191139454,57.33441666666667,60.5125,62.953582278481015,147,12
9410230,88,60.32940066532566,2.3738537955124137,57.33441666666667,60.5125,62.752054852320676,147,12
9410230,89,60.34240610343848,2.3856811269469285,57.33441666666667,60.5425,62.713054852320674,147,12
9410230,90,60.31240775813681,2.4074025982286615,57.184583333333336,60.52291666666667,62.76234797716555,146,12
9410230,91,60.325712263866755,2.444264091102462,57.16145833333333,60.4675,62.936943565400846,146,12
9410230,92,60.32324448016685,2.446228842116408,57.16145833333333,60.4675,62.76234797716555,146,12
9410230,93,60.34976298361329,2.465293512898769,57.053124999999994,60.555208333333326,62.875625,146,12
9410230,94,60.402880423392475,2.487811773443602,56.8395,60.5425,62.98175,147,12
9410230,95,60.43653733706472,2.4991678744135575,56.755833333333335,60.56791666666666,63.11225,147,12
9410230,96,60.4601073271327,2.512678129372428,56.337082635983265,60.57791666666666,63.11225,147,12
9410230,97,60.466111466092485,2.517442267508489,56.28647235823021,60.6875,63.11225,147,12
9410230,98,60.50755746051935,2.4863110828936095,56.2897496661622,60.707211538461536,63.108250000000005,148,12
9410230,99,60.529523756447546,2.4502394994849688,56.29302697409419,60.72692307692308,63.10425,149,12
9410230,100,60.54995784590281,2.4113928325527696,56.3495829846583,60.89708333333333,63.10425,149,12
9410230,101,60.551261648340386,2.3411422316935764,56.84508333333333,60.89708333333333,63.10425,149,12
9410230,102,60.57984573052408,2.2474852355331327,57.64835897435898,60.89708333333333,63.10425,149,12
9410230,103,60.65541370980899,2.198006019119544,57.77512274774775,60.88333333333333,63.13640651260504,150,12
9410230,104,60.71469917707478,2.1539963293689945,58.07,60.86958333333334,63.13781512605042,151,12
9410230,105,60.806034141938476,2.1194661469220577,58.333666666666666,60.89708333333333,63.30189635854342,153,12
9410230,106,60.868343985688604,2.072937982570009,58.435131205673756,60.98863753687315,63.382875,154,12
9410230,107,60.969764030505345,2.054637226485374,58.61476241134751,61.06375,63.5845,155,12
9410230,108,61.06412672050801,2.0587967250607377,58.626538120567375,61.124646094839605,63.89395833333334,156,12
9410230,109,61.158339193546865,2.0662175056466006,58.638313829787236,61.20958333333333,63.939083333333336,157,12
9410230,110,61.23909205827506,2.050198191861985,58.63288120567376,61.3504437593423,64.006125,158,12
9410230,111,61.31511247934935,2.060532092990659,58.64219858156029,61.427083333333336,64.12708333333333,159,12
9410230,112,61.37588052039483,2.075668982447343,58.65151595744681,61.505624999999995,64.21674285216179,160,12
9410230,113,61.43628448200482,2.0882408325054964,58.68541666666667,61.51,64.28458333333333,161,12
9410230,114,61.56655029837007,2.077356951113157,58.854958333333336,61.608276377818584,64.29808333333334,162,12
9410230,115,61.71973331789995,2.063180018130829,58.948034313725486,61.805416666666666,64.34516666666667,163,12
9410230,116,61.938105611947854,2.1032595633551026,59.101875,62.043958333333336,64.48013270308122,164,12
9410230,117,62.15376572276421,2.128036541989992,59.17422175732217,62.23458333333333,64.70844072524407,165,12
9410230,118,62.325071648760016,2.162724245646979,59.24599930264993,62.32166666666667,64.8125,165,12
9410230,119,62.498272066436215,2.1667315329533796,59.57458333333334,62.485416666666666,65.03380439330543,165,12
9410230,120,62.66150657437598,2.1393457487877456,59.91020920502092,62.81541666666667,65.12861363636364,165,12
9410230,121,62.823428043673324,2.09555464097659,60.4318179916318,63.001666666666665,65.20316666666666,165,12
9410230,122,63.00506983128712,2.092734310840421,60.503310320781026,63.27154811715481,65.38941666666666,165,12
9410230,123,63.17063134531692,2.0651629089475994,60.53225,63.53916666666667,65.50420091324202,165,12
9410230,124,63.34382076221024,2.0261724439029765,60.76025,63.611666666666665,65.68857110091743,165,12
9410230,125,63.509804016992284,1.9665582701637876,61.04764853556485,63.75708333333333,65.85422727272727,165,12
9410230,126,63.65195710143748,1.863695686265255,61.31308333333334,63.821666666666665,65.93491666666667,165,12
9410230,127,63.801348646142166,1.7345415749198105,61.602833333333336,63.84291666666666,65.95191666666666,165,12
9410230,128,63.95715217930684,1.5905917886709666,62.0785,63.89416666666667,66.012,165,12
9410230,129,64.05870330493896,1.508058469152114,62.1788718487395,64.00833333333334,66.16591666666667,165,12
9410230,130,64.12406032989577,1.5026292426863483,62.21733333333333,64.085,66.24375,165,12
9410230,131,64.15351241386092,1.502744774564797,62.24602100840336,64.11999999999999,66.24375,165,12
9410230,132,64.17577008161072,1.4855195640189018,62.24602100840336,64.13544303797468,66.24375,165,12
9410230,133,64.20161805993276,1.4804744565111265,62.34699159663866,64.18125,66.19108333333334,165,12
9410230,134,64.22134806100304,1.4868185402431904,62.34699159663866,64.16176470588235,66.19108333333334,165,12
9410230,135,64.26213704077183,1.5190786192997925,62.34699159663866,64.16176470588235,66.29338235294118,165,12
9410230,136,64.3194719568699,1.5922072911429845,62.34699159663866,64.19574468085106,66.50725,165,12
9410230,137,64.32353232681496,1.7070973387960384,62.30911484593838,64.28200836820083,66.59883333333333,165,12
9410230,138,64.32062017269492,1.7498856284263626,62.22677100840337,64.28200836820083,66.59883333333333,165,12
9410230,139,64.32702892868743,1.765606344129296,62.3427731092437,64.28200836820083,66.63575,165,12
9410230,140,64.36419506389959,1.7755046327437907,62.46548739495799,64.29583333333333,66.63982608695653,165,12
9410230,141,64.3866022495988,1.8333543238964853,62.143,64.34083333333334,66.75527401129943,165,12
9410230,142,64.40460626717635,1.9013314700284722,61.94316666666666,64.36875,66.75527401129943,165,12
9410230,143,64.40199581743771,1.9589316058378674,61.886808219178086,64.38786610878661,66.68486087866108,165,12
9410230,144,64.42037705425618,1.9859206973148138,61.75641666666667,64.42416666666666,66.70533333333333,165,12
9410230,145,64.40297192847369,1.995256710542933,61.894666666666666,64.34458333333333,66.70533333333333,165,12
9410230,146,64.36372722787728,2.0089315552690126,61.894666666666666,64.29916666666666,66.68486087866108,165,12
9410230,147,64.342483710735,2.008293721496291,61.94316666666666,64.215,66.69358333333332,165,12
9410230,148,64.30777542029128,2.0356259807983106,61.913916666666665,64.2,66.69358333333332,165,12
9410230,149,64.30236604684254,2.076473675222445,61.76925,64.215,66.76077401129943,165,12
9410230,150,64.3070829648857,2.129939650095222,61.18391666666667,64.27541666666667,66.76077401129943,165,12
9410230,151,64.268682305752,2.157221839472553,61.18391666666667,64.215,66.87912711864406,165,12
9410230,152,64.2371434760322,2.1601935518926663,60.90741666666666,64.215,66.87912711864406,165,12
9410230,153,64.22318511583448,2.2238119452203144,60.90741666666666,64.215,66.87912711864406,165,12
9410230,154,64.20828535738038,2.2982677130599787,60.867416666666664,64.2,66.96108333333333,165,12
9410230,155,64.19085876627966,2.3552782254703826,60.683083333333336,64.215,66.96108333333333,165,12
9410230,156,64.25328133751432,2.3984713918481635,60.683083333333336,64.29414225941423,66.98966666666666,165,12
9410230,157,64.35926552034684,2.408306202750269,60.90741666666666,64.33125,66.99975,165,12
9410230,158,64.48231192182868,2.450231855143693,61.021416666666674,64.43125,67.31858333333334,165,12
9410230,159,64.56858168344854,2.5379970052500425,60.90741666666666,64.74041666666668,67.53275,165,12
9410230,160,64.69810729521473,2.6213393235155706,60.867416666666664,64.845,67.94325,165,12
9410230,161,64.86082960196423,2.740107110150065,60.867416666666664,65.27583333333334,68.13098396094838,165,12
9410230,162,65.00286109894236,2.8509992997935565,60.7465,65.48541666666667,68.76191666666666,165,12
9410230,163,65.15202808753494,2.896933555393577,60.7465,65.6326359832636,68.84166666666665,165,12
9410230,164,65.31492583065652,2.9110123380829083,60.7465,65.66541666666667,69.14858333333333,165,12
9410230,165,65.42726437227324,2.937956039920116,60.94375,65.79416666666667,69.31891666666667,165,12
9410230,166,65.5908360519573,2.941323299331367,61.12741666666667,65.98448275862069,69.33170083682009,165,12
9410230,167,65.77985098158832,2.9127372844691175,61.4345,66.09125,69.39558333333333,165,12
9410230,168,65.91608077956813,2.904262211210241,61.748000000000005,66.18249999999999,69.44568828451882,165,12
9410230,169,66.0114099921965,2.9192785647985358,61.748000000000005,66.285,69.56133333333334,165,12
9410230,170,66.08574332552985,2.913881621767762,61.803999999999995,66.30958333333334,69.56133333333334,165,12
9410230,171,66.13022870408598,2.8913206521295,62.00375,66.30958333333334,69.56133333333334,165,12
9410230,172,66.11862330913226,2.9133383107942024,61.99083333333333,66.31083333333333,69.51687552301256,165,12
9410230,173,66.10727022911222,2.9162774008759755,61.99083333333333,66.45708333333333,69.44568828451882,165,12
9410230,174,66.12124267358288,2.9313575578856677,61.99083333333333,66.49041666666668,69.42375,165,12
9410230,175,66.11552035626747,2.9897871843936628,61.803999999999995,66.49041666666668,69.46068828451882,165,12
9410230,176,66.10680570980281,2.9819972874066782,61.62733333333333,66.49041666666668,69.45225,165,12
9410230,177,66.14522370111499,2.9856793935942036,61.803999999999995,66.615,69.51125,165,12
9410230,178,66.19369454979248,3.0168224351964334,61.803999999999995,66.62041666666667,69.79825,165,12
9410230,179,66.22519180013829,3.0767515909270435,61.62733333333333,66.62259414225942,70.02266666666667,165,12
9410230,180,66.31919953558824,3.084341491865404,62.002,66.75,70.22333333333333,165,12
9410230,181,66.43967284958111,3.092209482723578,62.05866666666667,66.81208333333333,70.46300000000001,165,12
9410230,182,66.54796241749172,3.124758969696588,62.14925,66.87125,70.55991666666667,165,12
9410230,183,66.69087487059832,3.126055505630901,62.14925,66.93125,70.63525,165,12
9410230,184,66.88221800589042,3.1040117707382575,62.60908333333333,67.11083333333333,70.71317787114845,165,12
9410230,185,67.12575815909234,3.1407464651889994,63.0082949790795,67.39541666666666,70.82655788005579,165,12
9410230,186,67.34321664375894,3.1742294215363214,63.21785913528592,67.73458333333333,71.08816666666667,165,12
9410230,187,67.55735066230014,3.2028717098399566,63.30555907172996,67.80416666666666,71.43133333333333,165,12
9410230,188,67.78862929392307,3.232572598902779,63.30555907172996,67.96,71.65721518987343,165,12
9410230,189,68.03172238090345,3.200652749987354,63.502088607594935,68.10916666666667,71.81266666666667,165,12
9410230,190,68.2865109226382,3.1508396049957135,63.62925,68.34583333333333,72.07633333333334,165,12
9410230,191,68.53529232317433,3.1425470499365415,63.88441666666667,68.62194092827004,72.32491666666665,165,12
9410230,192,68.7242042932538,3.1327071005020994,64.32783333333333,68.86485355648536,72.67908333333334,165,12
9410230,193,68.85656370016929,3.131509840915689,64.59887121212121,69.12791666666666,72.8475,165,12
9410230,194,68.92997905918068,3.1892425877443897,64.59758333333333,69.13666666666667,72.86958333333334,165,12
9410230,195,68.95147010257332,3.3618918525544226,64.32783333333333,69.1409282700422,72.95591666666667,165,12
9410230,196,68.98643242301054,3.4960841177347417,64.051,69.13666666666667,73.08283333333333,165,12
9410230,197,69.04053292080037,3.540680336259014,64.051,69.1409282700422,73.27825,165,12
9410230,198,69.1039639020372,3.5606033882747363,64.051,69.1409282700422,73.45133333333334,165,12
9410230,199,69.1476602409854,3.60924866793144,64.0815,69.1409282700422,73.52041666666666,165,12
9410230,200,69.1615229553715,3.673079653838951,64.0815,69.16166666666666,73.62016213389121,165,12
9410230,201,69.19123113737159,3.7502243365421575,63.96516666666666,69.22666666666667,73.672,165,12
9410230,202,69.21864229866217,3.7953592315635944,63.892583333333334,69.30600858369098,73.78116666666666,165,12
9410230,203,69.1958546044845,3.871910755270736,63.892583333333334,69.45291666666667,73.672,165,12
9410230,204,69.13481978485517,3.996808742159669,63.74058333333333,69.58416666666668,73.73291666666667,165,12
9410230,205,69.04318649860411,4.130932901060258,63.74058333333333,69.80085836909872,73.73291666666667,165,12
9410230,206,68.91392782534072,4.2799256626733815,62.83841666666667,69.80085836909872,73.67025,165,12
9410230,207,68.79915722515335,4.443383889948806,62.37533333333333,69.84041666666667,73.67025,165,12
9410230,208,68.71112493384383,4.5411024385679815,62.08083333333334,69.84041666666667,73.59339853556486,165,12
9410230,209,68.63838099867627,4.5787774310633305,62.08083333333334,69.84041666666667,73.59339853556486,165,12
9410230,210,68.58514976981041,4.559947375969857,62.08083333333334,69.45291666666667,73.63975,165,12
9410230,211,68.4475721710829,4.608523735505959,61.91380055788006,69.42217573221758,73.63975,165,12
9410230,212,68.2955535393878,4.673643556171267,61.45717259414226,69.31416666666668,73.59339853556486,165,12
9410230,213,68.1582934383777,4.645400296574197,61.45717259414226,69.22666666666667,73.53980613668061,165,12
9410230,214,68.08092625721555,4.575183805446727,61.52323657601116,69.12458333333333,73.445625,166,12
9410230,215,68.01696228869716,4.520088594452302,61.67966666666667,68.83583333333333,73.33741666666667,167,12
9410230,216,67.94713424392566,4.505752855809591,61.76079166666667,68.69645833333334,73.43566666666666,168,12
9410230,217,67.88852290225918,4.512082230124783,61.62625,68.6425,73.43225,169,12
9410230,218,67.87377441284912,4.4761390115166995,61.680416666666666,68.61125,73.42883333333333,170,12
9410230,219,67.86592273020447,4.385872716976496,61.73458333333333,68.58,73.27250000000001,171,12
9410230,220,67.84835220177888,4.262372056802516,62.504416666666664,68.5255369595537,72.77841666666667,172,12
9410230,221,67.84161530810118,4.067679084808789,62.846666666666664,68.38666666666667,72.66575,173,12
9410230,222,67.88369569851157,3.8662313331971565,63.1685,68.42708333333334,72.33083333333333,174,12
9410230,223,67.97803172309152,3.765791968627082,63.25791666666667,68.55774058577406,72.20125,175,12
9410230,224,68.06572231563733,3.7083165459511576,63.36770833333333,68.66520833333334,72.22895833333334,176,12
9410230,225,68.17407128694502,3.6587260369498904,63.46425,68.83583333333333,72.34608333333333,177,12
9410230,226,68.30410809086634,3.675471921165491,63.389125,68.89270833333333,72.51391666666666,178,12
9410230,227,68.46864673534908,3.6931218057011446,63.39983333333333,69.01,72.76424999999999,179,12
9410230,228,68.65062953630023,3.7801095023455247,63.41054166666667,69.27375,73.14295833333334,180,12
9410230,229,68.78837554777523,3.8452069652922094,63.30479166666667,69.62980038354254,73.40266666666668,180,12
9410230,230,68.90024514941645,3.879540622041716,63.21704166666667,69.81671942060086,73.40266666666668,180,12
9410230,231,68.96309051565649,3.8519146424456085,63.21704166666667,69.93541666666667,73.17358333333334,180,12
9410230,232,69.05530597267263,3.7828164269619644,63.30479166666667,70.12335864485982,73.11795833333335,180,12
9410230,233,69.14662740133727,3.73490792410431,63.47504166666667,70.39541666666666,73.11795833333335,180,12
9410230,234,69.24972807178099,3.7297310200499654,63.457166666666666,70.42416666666666,73.19293026499302,179,12
9410230,235,69.32263911676765,3.7144942798226714,63.510999999999996,70.46583333333334,73.28395833333332,178,12
9410230,236,69.38644630977717,3.7822473802408414,63.421416666666666,70.51255230125523,73.38108333333334,177,12
9410230,237,69.4394006774973,3.8514961805466874,63.13057182705718,70.70147838214784,73.405,176,12
9410230,238,69.5101186813687,3.825753946493765,63.11935285913528,70.8375,73.44977610872675,175,12
9410230,239,69.59834545916685,3.833752610155231,63.038676429567644,70.86270833333333,73.48744698044426,174,12
9410230,240,69.67925807652352,3.880861551823201,63.03356206415621,70.87583333333333,73.57708333333333,173,12
9410230,241,69.7869524064258,3.8400796616553343,63.08108786610878,70.91604166666667,73.74445833333333,172,12
9410230,242,69.86156070673007,3.7699776204882736,63.51875,70.87583333333333,73.84083333333334,171,12
9410230,243,69.88583263982926,3.682036324282896,63.761374999999994,70.86916666666667,73.48187249642346,170,12
9410230,244,69.91545226510902,3.6187661101701063,64.09733333333332,70.85166666666667,73.43320314735337,169,12
9410230,245,69.87540716359834,3.5718301449765826,64.64008333333334,70.80645833333334,73.43876305436338,168,12
9410230,246,69.87182723089299,3.5655609776391546,64.82391666666666,70.73916666666668,73.61691666666665,167,12
9410230,247,69.84676453211281,3.5820809419462107,64.82,70.61416666666666,73.84395833333333,166,12
9410230,248,69.83303895131141,3.5970902677805148,64.9645235042735,70.56750000000001,73.84716666666667,165,12
9410230,249,69.82439802105284,3.604045474844413,65.22573229030857,70.565,73.90416666666667,165,12
9410230,250,69.87290700207647,3.5801742629464854,64.9992735042735,70.59458333333333,73.90416666666667,165,12
9410230,251,69.9521803760383,3.5024200645193884,64.9992735042735,70.59458333333333,73.90416666666667,165,12
9410230,252,69.97885631638154,3.4607035733092846,64.9992735042735,70.565,73.97083333333333,165,12
9410230,253,69.93922209646591,3.474963778833085,64.9992735042735,70.52317596566525,74.01383333333334,165,12
9410230,254,69.90332042515382,3.411490176088059,64.9992735042735,70.40249999999999,73.97083333333333,165,12
9410230,255,69.81375466694145,3.3155161996966163,65.22573229030857,70.29083333333332,73.93416666666666,165,12
9410230,256,69.69531698467948,3.2180292992738972,65.22573229030857,70.195,73.72216666666667,165,12
9410230,257,69.52367419696975,3.2654276598974583,64.9992735042735,70.0525,73.52966666666667,165,12
9410230,258,69.31494098071741,3.3773758368719964,64.82091666666666,69.78151260504201,73.72216666666667,165,12
9410230,259,69.07487829790138,3.4833970957528217,64.25481779661017,69.53125,73.84716666666667,165,12
9410230,260,68.8571775623624,3.5992005379061274,63.428760504201676,69.35541666666667,73.82683333333333,165,12
9410230,261,68.64792809303789,3.661871234865416,62.79483333333334,69.10292887029289,73.52966666666667,165,12
9410230,262,68.46634148034788,3.716061840191557,62.69979166666667,69.05419871794872,73.38479166666667,166,12
9410230,263,68.2808240907308,3.756025471701956,62.50783333333333,68.83541666666666,73.06558333333335,167,12
9410230,264,68.12488420920712,3.7467915409591193,62.4225452167414,68.67413838612367,72.792625,168,12
9410230,265,67.97782272910841,3.723906252137791,62.19025,68.63833333333334,72.4055,169,12
9410230,266,67.83083492199817,3.6808637360785577,62.03645833333333,68.52373511904761,71.7725,170,12
9410230,267,67.67582378403945,3.610508992851739,62.04958333333333,68.31375,71.76041666666667,171,12
9410230,268,67.53744981482198,3.552503194352621,61.93145833333333,68.18375,71.561375,172,12
9410230,269,67.37083228429304,3.5227018371919656,61.795333333333325,68.03166666666667,71.16366666666667,173,12
9410230,270,67.26772942949924,3.4976893938167923,61.743,67.76375,71.19329166666667,174,12
9410230,271,67.15250378903353,3.438491252706142,61.87858333333333,67.55875,71.19258333333333,175,12
9410230,272,67.08516214119955,3.328046486557474,62.350624999999994,67.37729166666668,71.19187500000001,176,12
9410230,273,67.03943986180849,3.279473259690366,62.50783333333333,67.06916666666667,71.24308333333333,177,12
9410230,274,67.00323029692365,3.233525976217588,62.51316666666666,66.80729166666666,71.23116666666667,178,12
9410230,275,66.99532119005858,3.2144664056582246,62.3083179916318,66.68041666666666,71.32082697201018,179,12
9410230,276,66.97251710257426,3.203239286808287,62.27035529986053,66.63916666666667,71.21925,179,12
9410230,277,66.9395141353642,3.1738834353035603,62.2647379707113,66.61199503454647,71.19045833333334,178,12
9410230,278,66.88695701896661,3.123452146093902,62.25912064156207,66.60083333333334,71.05866666666667,177,12
9410230,279,66.78572730453394,3.1013168560254822,62.25350331241283,66.518125,71.04958333333333,176,12
9410230,280,66.66937354112581,3.1129828947971974,62.29495397489541,66.34077253218884,71.05033333333333,175,12
9410230,281,66.55145095782942,3.0964615091118235,62.31700000000001,66.285,71.05108333333332,174,12
9410230,282,66.47189951811046,3.104960072865892,62.3457496229261,66.27083333333333,71.05183333333333,173,12
9410230,283,66.39548749008317,3.0862945508100776,62.44845663650076,66.12229166666667,71.02820833333334,172,12
9410230,284,66.37375735103791,3.058841261945629,62.505833333333335,66.0,71.05333333333333,171,12
9410230,285,66.30313260316049,3.0344933070544653,62.55945833333334,65.91692325236629,71.05466666666666,170,12
9410230,286,66.23305728780932,3.0385988331211897,62.49308295625943,65.69250000000001,71.056,169,12
9410230,287,66.1410098220844,3.0522759257765246,62.405957013574664,65.65041666666667,71.05733333333333,168,12
9410230,288,66.09372191081435,3.0441926010689233,62.41608220211161,65.55666666666667,71.04883333333333,167,12
9410230,289,66.05521780860145,3.056587605523536,62.473957390648565,65.47020833333333,70.981875,166,12
9410230,290,66.03125227287458,3.014730624687424,62.7495,65.41541666666667,70.87875,165,12
9410230,291,66.05471764501493,2.978927722247093,62.800916666666666,65.295,70.87875,165,12
9410230,292,66.06006843381626,2.929770996085774,62.842333333333336,65.295,70.87875,165,12
9410230,293,66.05354421345965,2.891709997358036,62.8692205882353,65.09163179916318,70.87875,165,12
9410230,294,66.04869648560611,2.8353397290628983,62.951166666666666,65.09163179916318,70.84725,165,12
9410230,295,66.07822119877116,2.773512623433197,63.03783333333333,65.21916666666667,70.79383333333332,165,12
9410230,296,66.08570909583823,2.7379785571576227,63.015166666666666,65.295,70.79383333333332,165,12
9410230,297,66.06259427063469,2.6924291326079204,62.951166666666666,65.3975,70.74108333333334,165,12
9410230,298,66.02949768564385,2.6768486939627985,62.91726160337552,65.3975,70.636,165,12
9410230,299,65.96404309082253,2.6612235501111625,62.87630252100841,65.3675,69.80075,165,12
9410230,300,65.91148379628939,2.63768192695844,62.85930462184874,65.40546218487395,69.56383333333333,165,12
9410230,301,65.86652566872493,2.6029356877496346,62.848333333333336,65.40546218487395,69.33991666666667,165,12
9410230,302,65.80357711298718,2.5850699234533505,62.81791666666667,65.405,69.17025,165,12
9410230,303,65.70239217874976,2.561423768686176,62.758083333333325,65.3975,69.03608333333332,165,12
9410230,304,65.604849936241,2.5044946079501944,62.57070921985816,65.30083333333333,68.84566666666666,165,12
9410230,305,65.50976441882244,2.463579887849322,62.46875,65.21916666666667,68.81516666666667,165,12
9410230,306,65.37424809411847,2.442234876091275,62.3034746835443,65.19041666666666,68.78575,165,12
9410230,307,65.21957145572433,2.420101750370035,62.2285,64.98571428571428,68.69741666666667,165,12
9410230,308,65.07036552045307,2.3915887803411775,62.15633333333333,64.87333333333333,68.02841666666667,165,12
9410230,309,64.93064690963217,2.3552446673093708,61.88184239888424,64.8475,67.80449999999999,165,12
9410230,310,64.76211958618855,2.317251377823768,61.59341666666667,64.79458333333334,67.65815760111576,165,12
9410230,311,64.6056305703507,2.306985329313517,61.51616666666667,64.52875,67.39274999999999,165,12
9410230,312,64.46229421837697,2.2920709443242857,61.2775,64.4125,67.24991666666666,165,12
9410230,313,64.32252755444965,2.2595757358710395,61.25491666666667,64.27166666666668,67.02840717299577,165,12
9410230,314,64.18185479835594,2.2253476722164764,61.172916666666666,64.26041666666667,66.85788633193863,165,12
9410230,315,64.03068643978906,2.1913858202566043,61.086083333333335,64.23655462184874,66.78675,165,12
9410230,316,63.8789275307451,2.1822012176044714,60.968333333333334,63.672916666666666,66.75575,165,12
9410230,317,63.74977188621915,2.175396628975234,60.831916666666665,63.56166666666666,66.70332217573221,165,12
9410230,318,63.64900797002761,2.1722490679910953,60.55833333333333,63.548750000000005,66.690649930265,165,12
9410230,319,63.551607817878505,2.171840102582725,60.38408333333333,63.4875,66.5268549511855,165,12
9410230,320,63.45082709341551,2.1639291811561403,60.24736262203626,63.36,66.36791666666667,165,12
9410230,321,63.37304515641401,2.1647898404601498,60.129186192468616,63.24333333333333,66.27975,165,12
9410230,322,63.309743382116835,2.1877013752804944,60.03697759103641,63.23125,66.19691666666667,165,12
9410230,323,63.2242982617205,2.213403668304942,59.98069037656904,63.19458333333333,66.16858333333333,165,12
9410230,324,63.13436707963322,2.2291144170256323,59.932710251046025,63.03666666666666,66.11591666666666,165,12
9410230,325,63.051328094902175,2.23611539278687,59.8325,62.96208333333333,66.0616680672269,165,12
9410230,326,62.96035673391569,2.2356545822193423,59.798363081051505,62.92393162393163,65.92083333333333,165,12
9410230,327,62.864375195757134,2.2344270307256107,59.70283333333333,62.92393162393163,65.79591666666667,165,12
9410230,328,62.77899126701818,2.2327707525904485,59.633833333333335,62.85958333333333,65.638,165,12
9410230,329,62.70263385397562,2.233101531378014,59.57,62.85333333333333,65.53008333333334,165,12
9410230,330,62.63908129913855,2.2483448176282304,59.531,62.75708333333333,65.53008333333334,165,12
9410230,331,62.56624245778988,2.26162480363682,59.4985,62.58708333333333,65.53008333333334,165,12
9410230,332,62.4867043235237,2.2696162178971715,59.4995,62.50916666666667,65.53008333333334,165,12
9410230,333,62.385601635751506,2.276865850593326,59.47174999999999,62.317083333333336,65.47125,165,12
9410230,334,62.286789064431616,2.2750247258970795,59.463166666666666,62.20125,65.47125,165,12
9410230,335,62.191872651346785,2.268406847270101,59.463166666666666,62.057500000000005,65.42975,165,12
9410230,336,62.096079310250865,2.2416669111034966,59.463166666666666,61.99666666666667,65.31016666666666,165,12
9410230,337,62.01343813370924,2.2150911348438074,59.4285,61.98291666666667,65.31016666666666,165,12
9410230,338,61.94360756864436,2.231969670733587,59.341499999999996,61.98041666666666,65.28113636363636,165,12
9410230,339,61.88312967936515,2.2815620554738993,59.28820502092051,61.9625,65.24595665515918,165,12
9410230,340,61.814947553835715,2.3328155092404095,59.25480334728034,61.9075,65.24595665515918,165,12
9410230,341,61.75092317599161,2.354393398029149,59.15991666666667,61.89541666666666,65.24595665515918,165,12
9410230,342,61.68850228839215,2.3742914543999114,59.028999999999996,61.869166666666665,65.24595665515918,165,12
9410230,343,61.614388173311475,2.3936271244291354,58.73833333333334,61.848333333333336,65.24595665515918,165,12
9410230,344,61.529196676755966,2.430571236805644,58.263999999999996,61.82666666666667,65.24595665515918,165,12
9410230,345,61.454740763926914,2.462590543476417,58.15066666666666,61.82666666666667,65.24595665515918,165,12
9410230,346,61.394874269625845,2.499315425205375,58.1325,61.82666666666667,65.22491983122362,165,12
9410230,347,61.34253704803758,2.541756217272594,57.980916666666666,61.76208333333333,65.22491983122362,165,12
9410230,348,61.30164118191885,2.567134089370135,57.96158333333334,61.68625,65.22491983122362,165,12
9410230,349,61.251567942254205,2.596003770241704,57.91741666666667,61.64666666666667,65.21775316455695,165,12
9410230,350,61.20361248603453,2.6259710589073015,57.91741666666667,61.598333333333336,65.12375316455696,165,12
9410230,351,61.15756680853837,2.6587382772894825,57.91741666666667,61.58958333333333,64.79441666666666,165,12
9410230,352,61.09084979199763,2.6909729611282454,57.91741666666667,61.18708333333333,64.71166666666667,165,12
9410230,353,61.034909105946674,2.7050727111641897,57.91741666666667,60.78208333333334,64.71166666666667,165,12
9410230,354,60.98228382967919,2.7178724222533592,57.96158333333334,60.42208333333333,64.88958333333333,165,12
9410230,355,60.926120974764906,2.731211386716278,57.976083333333335,60.32723404255319,64.88958333333333,165,12
9410230,356,60.86880751217942,2.758118595458898,57.976083333333335,60.185,64.88958333333333,165,12
9410230,357,60.819526069969065,2.7868376382436613,58.03033333333333,60.12916666666667,64.88958333333333,165,12
9410230,358,60.78093953516497,2.806546930584028,58.03033333333333,60.119166666666665,64.88958333333333,165,12
9410230,359,60.72900173855761,2.8182156438036854,57.96816666666667,59.99916666666666,64.86666666666667,157,12
9410230,360,60.702737056878654,2.8180073017991676,57.970708333333334,59.9655987394958,64.85520833333334,158,12
9410230,361,60.675201091976554,2.819117401462205,57.97325,59.9436974789916,64.95475,159,12
9410230,362,60.64561340225855,2.8157009834361197,58.09533333333333,59.92875,65.048625,160,12
9410230,363,60.58291964136547,2.794578219526918,58.17145833333333,59.92875,65.048625,160,12
9410230,364,60.51237339547737,2.763780780514377,57.976416666666665,59.91315217391305,64.94508333333333,160,12
9410230,365,60.417327011626526,2.709607219663348,57.939275104602515,59.900652173913045,64.83229166666668,160,12
9410230,366,60.31608126528054,2.6490480771488154,57.840275104602505,59.86471059972106,64.62658333333334,160,12
