tide_station,date,tide_high_ft,tide_low_ft,tide_range_ft,tide_exchanges,max_exchange_rate_ft_h,best_water_hour,first_high_hour
9410170,2026-07-14,7.511,-1.692,9.203,4,0.9574934725848564,7.466666666666667,10
9410170,2026-07-15,7.198,-1.586,8.784,4,1.263472222222222,1.3833333333333333,11
9410170,2026-07-16,6.624,-1.261,7.885,4,1.1942117647058823,2.1,12
9410170,2026-07-17,4.92,-0.753,5.673,3,1.0614388489208633,2.8166666666666664,12
9410170,2026-07-18,5.848,-0.112,5.96,4,0.882962962962963,3.533333333333333,0
9410170,2026-07-19,5.085,0.604,4.481,4,0.6699999999999999,4.266666666666667,1
9410170,2026-07-20,5.117,1.329,3.7880000000000003,4,0.5463461538461538,11.566666666666666,2
9410170,2026-07-21,5.155,1.488,3.6670000000000003,4,0.4814442013129103,19.75,3
9410170,2026-07-22,5.239,2.55,2.689,3,0.3666818181818182,13.25,5
9410170,2026-07-23,5.388,1.005,4.383,4,0.5359493670886075,20.866666666666667,7
9410170,2026-07-24,5.593,0.553,5.04,4,0.6159235668789809,21.75,8
9410170,2026-07-25,5.833,0.187,5.646,4,0.7036008676789587,22.5,9
9410170,2026-07-26,6.076,-0.092,6.167999999999999,4,0.7899999999999999,23.15,9
9410170,2026-07-27,6.281,-0.295,6.576,4,0.8668027210884354,23.716666666666665,9
9410170,2026-07-28,6.407,-0.428,6.835,4,0.9275115207373271,0.25,10
9410170,2026-07-29,6.417,-0.486,6.903,4,0.964055944055944,0.75,10
9410170,2026-07-30,6.28,-0.451,6.731,4,0.9718867924528302,1.25,11
9410170,2026-07-31,5.978,-0.306,6.284,4,0.9431026252983294,1.7166666666666668,11
9410170,2026-08-01,5.508,-0.037,5.545,4,0.8738498789346246,2.216666666666667,12
9410170,2026-08-02,4.939,0.351,4.588,3,0.7677915632754342,2.716666666666667,12
9410170,2026-08-03,5.114,0.838,4.276,4,0.6495189873417722,9.783333333333333,0
9410170,2026-08-04,5.277,1.387,3.89,4,0.5692682926829269,10.35,0
9410170,2026-08-05,5.431,1.414,4.017,4,0.5228199566160521,18.466666666666665,2
9410170,2026-08-06,5.634,0.773,4.861000000000001,4,0.601360824742268,19.833333333333332,4
9410170,2026-08-07,5.974,2.912,3.0620000000000003,3,0.4213761467889909,13.45,6
9410170,2026-08-08,6.429,0.056,6.373,4,0.7475368421052632,21.033333333333335,7
9410170,2026-08-09,6.89,-0.57,7.46,4,0.9149019607843137,22.033333333333335,8
9410170,2026-08-10,7.238,-1.02,8.258000000000001,4,1.0665168539325842,22.9,9
9410170,2026-08-11,7.377,-1.252,8.629,4,1.1791666666666667,23.683333333333334,9
9410170,2026-08-12,7.248,-1.251,8.499,4,1.2267298578199053,0.4,10
9410170,2026-08-13,6.845,-1.025,7.869999999999999,4,1.2048058252427185,1.0666666666666667,10
9410170,2026-08-14,6.213,-0.603,6.816,4,1.111641791044776,1.7,11
9410170,2026-08-15,5.523,-0.029,5.552,4,0.957851662404092,2.3,11
9410170,2026-08-16,5.502,0.641,4.861,3,0.763723404255319,2.9166666666666665,12
9410170,2026-08-17,5.383,1.346,4.037,4,0.6147715736040609,9.783333333333333,0
9410170,2026-08-18,5.194,1.657,3.537,4,0.486743119266055,17.383333333333333,1
9410170,2026-08-19,4.988,1.544,3.4440000000000004,4,0.415774647887324,18.75,2
9410170,2026-08-21,4.997,1.164,3.833,2,0.43791748526522595,20.15,17
9410170,2026-08-22,5.293,0.758,4.535,4,0.5309812108559498,21.283333333333335,8
9410170,2026-08-23,5.647,0.409,5.238,4,0.6440439560439561,22.116666666666667,8
9410170,2026-08-24,5.976,0.13,5.846,4,0.7557534246575344,22.783333333333335,8
9410170,2026-08-25,6.224,-0.076,6.3,4,0.8523943661971831,23.333333333333332,9
9410170,2026-08-26,6.348,-0.199,6.547,4,0.9241726618705036,23.816666666666666,9
9410170,2026-08-27,6.316,-0.221,6.537,4,0.9636674816625918,0.2833333333333333,9
9410170,2026-08-28,6.112,-0.121,6.2330000000000005,4,0.9631421446384039,0.75,10
9410170,2026-08-29,5.728,0.113,5.614999999999999,4,0.9182142857142856,1.2333333333333334,10
9410170,2026-08-30,5.616,0.478,5.138,4,0.8267716535433072,1.7166666666666668,11
9410170,2026-08-31,5.758,0.95,4.808,4,0.7611609498680739,8.433333333333334,11
9410170,2026-09-01,5.813,1.07,4.742999999999999,3,0.6890556900726391,15.6,12
9410170,2026-09-02,5.766,1.129,4.6370000000000005,4,0.6196436525612473,16.6,0
9410170,2026-09-03,5.643,0.974,4.669,4,0.5647983870967741,18.0,2
9410170,2026-09-04,5.581,0.498,5.083,2,0.6075298804780876,19.533333333333335,15
9410170,2026-09-05,5.794,3.367,2.4269999999999996,3,0.40953642384105954,3.4833333333333334,7
9410170,2026-09-06,6.198,-0.033,6.231000000000001,4,0.743872340425532,20.85,7
9410230,2026-07-14,7.107,-1.63,8.737,4,0.8772519083969466,7.466666666666667,10
9410230,2026-07-15,6.785,-1.507,8.292,4,1.1908755760368666,1.2833333333333332,11
9410230,2026-07-16,6.217,-1.172,7.388999999999999,4,1.11807962529274,2.0,12
9410230,2026-07-17,4.599,-0.666,5.265000000000001,3,0.9856324582338902,2.716666666666667,12
9410230,2026-07-18,5.457,-0.039,5.4959999999999996,4,0.8062591687041565,3.4333333333333336,0
9410230,2026-07-19,4.797,0.65,4.146999999999999,4,0.6098529411764705,10.85,0
9410230,2026-07-20,4.861,1.342,3.5189999999999997,4,0.5015201900237529,11.55,1
9410230,2026-07-21,4.924,1.363,3.5610000000000004,4,0.46347071583514104,19.783333333333335,3
9410230,2026-07-22,5.017,2.503,2.5140000000000002,3,0.33972972972972976,13.183333333333334,5
9410230,2026-07-23,5.159,0.883,4.276,4,0.52,20.85,7
9410230,2026-07-24,5.352,0.45,4.902,4,0.597336152219873,21.716666666666665,8
9410230,2026-07-25,5.578,0.107,5.471,4,0.6796976241900649,22.433333333333334,9
9410230,2026-07-26,5.805,-0.146,5.951,4,0.7581456953642385,23.066666666666666,9
9410230,2026-07-27,5.997,-0.324,6.321,4,0.8263820224719101,23.633333333333333,9
9410230,2026-07-28,6.11,-0.431,6.541,4,0.8805479452054794,0.16666666666666666,10
9410230,2026-07-29,6.108,-0.465,6.5729999999999995,4,0.9131944444444444,0.6666666666666666,10
9410230,2026-07-30,5.962,-0.411,6.372999999999999,4,0.9160187353629976,1.15,11
9410230,2026-07-31,5.654,-0.255,5.909,4,0.8860332541567696,1.6333333333333333,11
9410230,2026-08-01,5.184,0.013,5.171,4,0.8175362318840579,2.1333333333333333,11
9410230,2026-08-02,4.644,0.39,4.2540000000000004,4,0.7137468982630274,2.6333333333333333,12
9410230,2026-08-03,4.836,0.857,3.979,3,0.6013602015113351,9.733333333333333,13
9410230,2026-08-04,5.024,1.381,3.643,4,0.5305339805825243,10.3,0
9410230,2026-08-05,5.21,1.329,3.8810000000000002,4,0.49862955032119916,18.483333333333334,2
9410230,2026-08-06,5.432,0.69,4.742000000000001,4,0.5771196754563895,19.816666666666666,4
9410230,2026-08-07,5.752,2.824,2.928,3,0.3974660633484163,13.266666666666667,7
9410230,2026-08-08,6.162,0.001,6.161,4,0.7144099378881986,20.966666666666665,8
9410230,2026-08-09,6.574,-0.583,7.157,4,0.872198275862069,21.966666666666665,8
9410230,2026-08-10,6.873,-0.99,7.863,4,1.0130357142857143,22.816666666666666,9
9410230,2026-08-11,6.972,-1.183,8.155000000000001,4,1.1111724137931036,23.583333333333332,9
9410230,2026-08-12,6.819,-1.154,7.973,4,1.1499056603773588,0.3,10
9410230,2026-08-13,6.412,-0.916,7.328,4,1.123728813559322,0.9666666666666667,10
9410230,2026-08-14,5.793,-0.498,6.291,4,1.0287841191066998,1.6,11
9410230,2026-08-15,5.165,0.058,5.107,4,0.8800511508951407,2.216666666666667,11
9410230,2026-08-16,5.169,0.7,4.468999999999999,3,0.694663212435233,9.183333333333334,12
9410230,2026-08-17,5.085,1.368,3.7169999999999996,4,0.5631818181818181,9.7,0
9410230,2026-08-18,4.938,1.566,3.372,4,0.4486031042128603,17.433333333333334,1
9410230,2026-08-19,4.777,1.388,3.3890000000000002,4,0.4018577075098814,18.783333333333335,3
9410230,2026-08-21,4.798,1.018,3.7800000000000002,2,0.4291050583657588,20.1,17
9410230,2026-08-22,5.06,0.64,4.42,4,0.5175933609958506,21.216666666666665,8
9410230,2026-08-23,5.379,0.324,5.055,4,0.6217943107221007,22.05,8
9410230,2026-08-24,5.678,0.079,5.599,4,0.7210884353741497,22.7,9
9410230,2026-08-25,5.9,-0.093,5.993,4,0.807132867132867,23.233333333333334,9
9410230,2026-08-26,6.003,-0.186,6.189,4,0.8715035799522673,23.733333333333334,9
9410230,2026-08-27,5.956,-0.188,6.144,4,0.9037956204379562,0.2,9
9410230,2026-08-28,5.741,-0.081,5.822,4,0.901044776119403,0.6833333333333333,10
9410230,2026-08-29,5.355,0.148,5.207000000000001,4,0.8560714285714286,1.15,10
9410230,2026-08-30,5.241,0.497,4.744,4,0.7670526315789475,1.65,11
9410230,2026-08-31,5.404,0.947,4.457,4,0.7018897637795276,8.383333333333333,11
9410230,2026-09-01,5.488,1.048,4.44,3,0.6434782608695653,15.583333333333334,12
9410230,2026-09-02,5.479,1.046,4.433,4,0.5858590308370044,16.616666666666667,0
9410230,2026-09-03,5.401,0.834,4.567,4,0.5469461077844312,18.0,2
9410230,2026-09-04,5.366,0.377,4.989,2,0.589251968503937,19.466666666666665,15
9410230,2026-09-05,5.54,3.234,2.306,3,0.3954782608695652,3.533333333333333,7
9410230,2026-09-06,5.876,-0.106,5.982,4,0.7116806722689075,20.766666666666666,7
